position_category,city,experience_atleast,education,nature,size(employees_number),benifit,monthly_salary_avg,annual_salary_equiv,bonus_months
1_AI,6,0,1,notneedfunding,10000,20,22500,315000,14
1_AI,4,0,1,notneedfunding,10000,20,22500,315000,14
1_AI,4,0,1,notneedfunding,10000,20,22500,315000,14
1_AI,6,0,1,notneedfunding,10000,20,22500,315000,14
1_AI,4,5,1,nofunding,499,0,50000,800000,16
1_AI,6,3,1,nofunding,499,19,20000,240000,12
1_AI,4,3,1,public,10000,12,37500,525000,14
1_AI,3,1,1,nofunding,20,0,12500,150000,12
1_AI,8,1,1,nofunding,99,11,10500,126000,12
1_AI,2,1,1,nofunding,99,8,12500,162500,13
1_AI,8,3,1,notneedfunding,99,7,12500,150000,12
1_AI,8,5,1,nofunding,99,9,9500,114000,12
1_AI,3,3,1,notneedfunding,499,16,20000,240000,12
1_AI,8,1,1,nofunding,99,6,12500,150000,12
1_AI,4,1,1,nofunding,499,13,21500,279500,13
1_AI,5,0,0,nofunding,20,8,7500,90000,12
1_AI,5,0,0,nofunding,20,8,7500,90000,12
1_AI,8,1,1,nofunding,99,13,17500,210000,12
1_AI,1,3,1,public,9999,11,20500,246000,12
1_AI,8,1,2,nofunding,499,0,19500,390000,20
1_AI,8,1,1,nofunding,999,0,12500,150000,12
1_AI,8,3,1,public,10000,8,15500,186000,12
1_AI,8,1,0.5,nofunding,99,6,12000,144000,12
1_AI,8,3,1,nofunding,99,0,10500,126000,12
1_AI,1,5,0.5,public,10000,9,16500,198000,12
1_AI,8,3,1,public,9999,10,12500,150000,12
1_AI,8,3,1,nofunding,499,13,12500,150000,12
1_AI,4,3,1,nofunding,20,1,30000,450000,15
1_AI,2,5,1,notneedfunding,499,10,21000,252000,12
1_AI,4,5,1,nofunding,499,13,17500,210000,12
1_AI,8,3,1,notneedfunding,99,11,9500,114000,12
1_AI,3,3,1,public,499,18,15500,201500,13
1_AI,1,3,1,public,10000,8,17500,210000,12
1_AI,4,0,1,public,999,8,25000,350000,14
1_AI,2,3,1,nofunding,99,6,20000,240000,12
1_AI,2,3,1,public,10000,5,14500,174000,12
1_AI,6,3,1,nofunding,499,11,21000,252000,12
1_AI,4,1,0,nofunding,20,0,13500,162000,12
1_AI,3,3,0.5,nofunding,20,3,8500,102000,12
1_AI,6,1,1,notneedfunding,20,7,20000,240000,12
1_AI,4,1,1,public,10000,10,11500,149500,13
1_AI,3,0,1,nofunding,20,1,10000,120000,12
1_AI,2,0,1,nofunding,99,4,11000,132000,12
1_AI,2,0,1,nofunding,99,4,11000,132000,12
1_AI,6,1,1,notneedfunding,99,11,12500,150000,12
1_AI,6,5,1,notneedfunding,20,6,17000,204000,12
1_AI,2,1,2,nofunding,99,5,12000,144000,12
1_AI,3,3,0.5,nofunding,999,11,18500,222000,12
1_AI,2,3,1,notneedfunding,9999,14,16500,198000,12
1_AI,4,5,1,nofunding,99,0,27500,330000,12
1_AI,6,0,1,nofunding,99,20,10000,120000,12
1_AI,4,3,1,nofunding,999,0,40000,520000,13
1_AI,4,1,2,nofunding,99,10,12500,162500,13
1_AI,1,0,1,nofunding,999,0,20000,300000,15
1_AI,1,3,1,public,9999,8,16500,198000,12
1_AI,3,1,1,notneedfunding,20,5,18000,216000,12
1_AI,8,0,1,notneedfunding,10000,20,18500,222000,12
1_AI,2,3,0.5,nofunding,99,3,12500,150000,12
1_AI,4,3,1,nofunding,99,11,20000,240000,12
1_AI,6,1,1,nofunding,99,13,12500,150000,12
1_AI,6,3,1,nofunding,20,5,15000,180000,12
1_AI,4,1,1,public,9999,13,16500,198000,12
1_AI,1,3,0.5,public,9999,13,15500,186000,12
1_AI,6,1,1,nofunding,99,0,15500,186000,12
1_AI,2,3,1,notneedfunding,499,10,20000,240000,12
1_AI,1,3,0.5,nofunding,99,0,21500,258000,12
1_AI,4,5,1,nofunding,99,7,15500,186000,12
1_AI,6,5,1,notneedfunding,499,5,21500,258000,12
1_AI,4,1,1,notneedfunding,99,10,12500,150000,12
1_AI,3,3,1,nofunding,499,10,12500,150000,12
1_AI,4,1,1,nofunding,499,10,8500,102000,12
1_AI,8,5,1,nofunding,499,3,20000,240000,12
1_AI,8,3,1,nofunding,20,8,11500,138000,12
1_AI,4,3,1,notneedfunding,99,4,15500,186000,12
1_AI,4,3,1,nofunding,9999,8,24000,288000,12
1_AI,6,5,1,nofunding,20,1,19000,228000,12
1_AI,6,3,1,nofunding,499,18,15000,195000,13
1_AI,4,1,2,notneedfunding,99,15,20000,260000,13
1_AI,4,3,1,public,10000,8,12500,150000,12
1_AI,2,1,1,nofunding,9999,18,10000,150000,15
1_AI,4,1,1,nofunding,20,9,12500,150000,12
1_AI,4,1,1,public,999,12,22500,270000,12
1_AI,2,3,1,nofunding,9999,17,10500,136500,13
1_AI,3,1,0.5,notneedfunding,99,4,7500,90000,12
1_AI,2,3,1,nofunding,499,8,10500,126000,12
1_AI,2,3,1,nofunding,999,9,14500,174000,12
1_AI,6,3,1,notneedfunding,499,9,20000,240000,12
1_AI,8,5,1,nofunding,9999,3,24000,360000,15
1_AI,4,5,1,nofunding,99,4,18500,240500,13
1_AI,3,3,1,nofunding,999,12,27500,330000,12
1_AI,6,0,1,notneedfunding,499,0,15000,180000,12
1_AI,2,3,1,nofunding,99,4,12500,150000,12
1_AI,6,0,1,notneedfunding,9999,7,17500,227500,13
1_AI,8,1,1,nofunding,499,6,8000,96000,12
1_AI,3,1,1,notneedfunding,9999,14,17000,204000,12
1_AI,8,0,1,nofunding,499,13,16000,192000,12
1_AI,8,3,1,public,499,2,12500,150000,12
1_AI,4,3,1,nofunding,10000,4,18000,216000,12
1_AI,8,3,1,nofunding,999,20,12500,150000,12
1_AI,6,3,1,notneedfunding,10000,17,22500,270000,12
1_AI,3,10,1,nofunding,999,0,55000,660000,12
1_AI,2,1,1,nofunding,999,11,10000,120000,12
1_AI,6,3,1,public,10000,8,15500,186000,12
1_AI,6,3,1,nofunding,99,0,12500,150000,12
1_AI,7,3,1,nofunding,99,0,12500,150000,12
1_AI,3,3,1,nofunding,99,0,12500,150000,12
1_AI,8,3,1,nofunding,99,6,10500,126000,12
1_AI,3,3,0.5,public,9999,7,14500,174000,12
1_AI,2,5,1,nofunding,499,16,30000,390000,13
1_AI,8,1,0.5,nofunding,499,0,11000,132000,12
1_AI,8,3,0,nofunding,20,0,22500,270000,12
1_AI,2,3,0.5,notneedfunding,9999,2,11000,132000,12
2_dev,6,5,0.5,nofunding,10000,5,14500,174000,12
2_dev,3,3,1,nofunding,499,12,17500,210000,12
2_dev,3,3,1,notneedfunding,499,4,17500,210000,12
2_dev,2,1,1,nofunding,999,15,7500,90000,12
2_dev,1,0,1,nofunding,499,13,19000,285000,15
2_dev,6,3,1,nofunding,99,20,20000,240000,12
2_dev,3,3,1,nofunding,99,9,11500,138000,12
2_dev,3,1,1,notneedfunding,99,13,13500,162000,12
2_dev,8,3,1,nofunding,20,5,22500,270000,12
2_dev,7,0,1,notneedfunding,499,11,22500,270000,12
2_dev,8,0,1,nofunding,9999,6,8500,110500,13
2_dev,1,1,1,nofunding,499,5,16500,198000,12
2_dev,6,0,1,public,999,11,20000,240000,12
2_dev,8,3,1,nofunding,499,6,24000,288000,12
2_dev,6,3,1,nofunding,10000,0,15000,180000,12
2_dev,2,0,1,nofunding,99,0,10500,126000,12
2_dev,4,0,1,nofunding,9999,18,22500,360000,16
2_dev,2,0,1,notneedfunding,499,4,15500,186000,12
2_dev,6,5,1,notneedfunding,10000,8,35000,455000,13
2_dev,6,3,1,public,9999,10,12500,150000,12
2_dev,8,3,1,notneedfunding,499,19,11500,138000,12
2_dev,8,3,1,nofunding,20,6,12500,150000,12
2_dev,8,0,1,nofunding,99,7,5000,60000,12
2_dev,5,1,0,nofunding,99,0,6500,78000,12
2_dev,5,1,0,nofunding,99,0,6500,78000,12
2_dev,8,5,1,notneedfunding,20,6,11500,138000,12
2_dev,8,3,1,nofunding,999,15,10500,126000,12
2_dev,1,3,1,nofunding,99,8,18000,216000,12
2_dev,4,3,1,nofunding,10000,16,45000,675000,15
2_dev,4,1,1,notneedfunding,10000,20,30000,480000,16
2_dev,4,5,0.5,nofunding,499,0,30000,360000,12
2_dev,1,0,1,nofunding,20,13,27000,324000,12
2_dev,2,3,0,nofunding,20,0,26500,318000,12
2_dev,1,5,1,nofunding,499,1,26500,318000,12
2_dev,1,3,1,nofunding,99,5,26500,318000,12
2_dev,2,3,1,notneedfunding,20,7,25000,300000,12
2_dev,3,1,1,notneedfunding,10000,0,25000,300000,12
2_dev,2,3,1,nofunding,20,13,25000,300000,12
2_dev,1,0,1,notneedfunding,10000,20,23500,376000,16
2_dev,4,0,1,notneedfunding,10000,20,22500,337500,15
2_dev,6,0,1,notneedfunding,10000,20,22500,270000,12
2_dev,4,0,1,notneedfunding,10000,20,22500,270000,12
2_dev,4,0,1,notneedfunding,10000,0,22500,315000,14
2_dev,3,3,1,nofunding,999,9,22500,270000,12
2_dev,1,0,1,notneedfunding,10000,20,22500,270000,12
2_dev,1,1,1,notneedfunding,99,8,22500,292500,13
2_dev,1,0,1,nofunding,20,0,22500,292500,13
2_dev,4,1,1,notneedfunding,499,10,22500,270000,12
2_dev,1,3,1,nofunding,99,4,22500,270000,12
2_dev,6,3,1,nofunding,499,4,22500,270000,12
2_dev,3,1,0,nofunding,99,7,22500,270000,12
2_dev,4,5,1,nofunding,99,9,22500,315000,14
2_dev,6,1,1,nofunding,20,0,22500,270000,12
2_dev,4,1,1,notneedfunding,99,7,22500,292500,13
2_dev,4,5,1,public,9999,16,22500,337500,15
2_dev,3,3,1,nofunding,499,7,22500,270000,12
2_dev,4,0,1,nofunding,99,11,22500,270000,12
2_dev,4,0,1,notneedfunding,10000,16,22500,315000,14
2_dev,6,0,1,notneedfunding,10000,20,22500,270000,12
2_dev,1,3,1,nofunding,99,4,22000,264000,12
2_dev,1,3,1,nofunding,99,7,21500,258000,12
2_dev,3,1,1,nofunding,20,0,21500,258000,12
2_dev,1,0,1,nofunding,99,15,21000,294000,14
2_dev,6,3,1,nofunding,499,8,21000,252000,12
2_dev,1,0,1,public,999,11,20000,240000,12
2_dev,8,1,1,notneedfunding,9999,9,20000,240000,12
2_dev,2,3,1,notneedfunding,9999,18,20000,300000,15
2_dev,1,3,0.5,nofunding,999,8,20000,240000,12
2_dev,4,3,1,nofunding,99,0,20000,260000,13
2_dev,6,0,1,nofunding,499,0,20000,240000,12
2_dev,1,3,1,nofunding,99,8,20000,240000,12
2_dev,2,1,1,public,499,4,20000,240000,12
2_dev,4,0,1,nofunding,10000,0,20000,240000,12
2_dev,1,0,1,public,999,11,20000,240000,12
2_dev,1,3,1,notneedfunding,99,7,20000,240000,12
2_dev,4,3,1,nofunding,20,0,20000,260000,13
2_dev,1,3,1,nofunding,99,11,20000,240000,12
2_dev,3,5,1,nofunding,99,5,19500,234000,12
2_dev,1,1,1,nofunding,20,8,19500,234000,12
2_dev,1,3,1,notneedfunding,499,8,19500,234000,12
2_dev,6,5,1,notneedfunding,99,3,19000,228000,12
2_dev,4,1,1,notneedfunding,99,18,19000,228000,12
2_dev,6,3,1,notneedfunding,9999,4,19000,228000,12
2_dev,4,0,1,nofunding,20,6,18500,240500,13
2_dev,2,3,1,nofunding,499,7,18500,240500,13
2_dev,6,1,1,notneedfunding,99,4,18000,234000,13
2_dev,1,5,1,nofunding,99,11,18000,216000,12
2_dev,6,1,1,nofunding,99,3,18000,216000,12
2_dev,6,0,1,nofunding,20,10,17500,280000,16
2_dev,6,0,1,nofunding,20,0,17500,210000,12
2_dev,6,3,1,nofunding,499,0,17500,210000,12
2_dev,3,3,0.5,nofunding,99,10,17500,210000,12
2_dev,3,5,0.5,notneedfunding,9999,7,17500,210000,12
2_dev,4,5,1,nofunding,20,1,17500,210000,12
2_dev,4,3,1,notneedfunding,99,17,17500,227500,13
2_dev,4,5,1,public,10000,12,17500,210000,12
2_dev,1,3,1,nofunding,20,0,17500,210000,12
2_dev,4,3,1,nofunding,20,0,17500,210000,12
2_dev,6,0,1,notneedfunding,99,8,17500,227500,13
2_dev,1,5,1,notneedfunding,9999,4,17500,210000,12
2_dev,6,5,1,nofunding,20,0,17000,204000,12
2_dev,1,5,0.5,nofunding,20,5,17000,204000,12
2_dev,1,3,1,nofunding,20,3,16500,198000,12
2_dev,2,1,1,nofunding,20,0,16500,198000,12
2_dev,2,3,1,nofunding,20,0,16500,198000,12
2_dev,1,3,1,public,10000,12,16000,208000,13
2_dev,1,5,1,public,10000,10,16000,208000,13
2_dev,2,1,1,notneedfunding,10000,21,16000,192000,12
2_dev,6,3,1,public,10000,5,16000,192000,12
2_dev,2,0,1,nofunding,20,0,16000,192000,12
2_dev,1,1,1,notneedfunding,99,3,16000,192000,12
2_dev,6,3,1,nofunding,20,7,16000,192000,12
2_dev,4,3,0.5,nofunding,20,2,15500,186000,12
2_dev,4,3,1,nofunding,20,0,15500,186000,12
2_dev,4,3,0.5,nofunding,499,0,15500,186000,12
2_dev,4,1,1,nofunding,20,0,15500,186000,12
2_dev,3,3,1,nofunding,99,0,15500,186000,12
2_dev,4,1,1,nofunding,20,0,15500,186000,12
2_dev,4,10,1,nofunding,20,6,15500,186000,12
2_dev,3,1,1,notneedfunding,20,0,15500,186000,12
2_dev,3,3,1,nofunding,99,0,15500,186000,12
2_dev,2,5,1,nofunding,20,0,15500,186000,12
2_dev,6,1,1,public,9999,8,15500,186000,12
2_dev,6,5,1,nofunding,99,0,15500,186000,12
2_dev,6,3,1,nofunding,999,6,15500,186000,12
2_dev,6,1,1,nofunding,99,17,15500,201500,13
2_dev,1,5,0.5,nofunding,20,0,15500,186000,12
2_dev,1,1,1,nofunding,20,0,15500,186000,12
2_dev,2,1,1,nofunding,20,0,15500,186000,12
2_dev,6,0,1,nofunding,99,0,15500,186000,12
2_dev,1,5,1,public,9999,10,15500,186000,12
2_dev,6,0,1,nofunding,20,0,15500,186000,12
2_dev,3,1,1,nofunding,499,16,15500,186000,12
2_dev,1,3,1,notneedfunding,99,11,15000,180000,12
2_dev,2,0,1,nofunding,499,8,15000,180000,12
2_dev,6,3,1,nofunding,499,8,15000,210000,14
2_dev,1,3,1,nofunding,499,2,15000,180000,12
2_dev,6,1,0.5,nofunding,499,18,15000,180000,12
2_dev,6,0,1,notneedfunding,10000,20,15000,180000,12
2_dev,6,1,0.5,nofunding,99,0,14500,174000,12
2_dev,1,3,1,nofunding,499,0,14500,174000,12
2_dev,4,3,0.5,public,10000,6,14500,174000,12
2_dev,2,3,1,nofunding,99,3,14500,174000,12
2_dev,6,3,1,nofunding,999,0,14500,174000,12
2_dev,1,3,1,notneedfunding,20,4,14500,188500,13
2_dev,4,3,1,notneedfunding,9999,8,14000,168000,12
2_dev,4,3,1,nofunding,20,2,14000,196000,14
2_dev,1,3,0.5,nofunding,999,7,14000,168000,12
2_dev,6,3,1,nofunding,499,4,14000,168000,12
2_dev,2,5,0.5,notneedfunding,20,0,14000,168000,12
2_dev,2,3,0.5,nofunding,20,0,14000,168000,12
2_dev,3,1,1,public,10000,8,14000,168000,12
2_dev,1,3,0.5,nofunding,499,8,13500,189000,14
2_dev,1,1,0.5,nofunding,99,8,13500,162000,12
2_dev,2,3,0.5,notneedfunding,99,10,13500,162000,12
2_dev,6,3,0.5,nofunding,499,6,13500,162000,12
2_dev,3,1,1,nofunding,20,1,13500,162000,12
2_dev,4,0,2,nofunding,99,8,13000,169000,13
2_dev,8,1,1,nofunding,99,9,12500,162500,13
2_dev,6,1,0.5,notneedfunding,99,8,12500,150000,12
2_dev,8,1,2,nofunding,20,0,12500,150000,12
2_dev,6,3,0.5,nofunding,20,0,12500,150000,12
2_dev,6,1,0.5,nofunding,99,7,12500,150000,12
2_dev,6,3,1,notneedfunding,20,3,12500,150000,12
2_dev,4,3,1,nofunding,99,4,12500,150000,12
2_dev,4,1,0.5,nofunding,99,5,12500,150000,12
2_dev,4,3,1,nofunding,20,6,12500,162500,13
2_dev,8,3,1,nofunding,99,10,12500,150000,12
2_dev,7,1,0.5,nofunding,20,2,12500,150000,12
2_dev,8,3,1,nofunding,20,2,12500,150000,12
2_dev,8,3,1,nofunding,20,2,12500,150000,12
2_dev,3,3,0.5,nofunding,99,10,12500,150000,12
2_dev,2,1,1,nofunding,9999,0,12500,162500,13
2_dev,2,3,1,nofunding,20,0,12500,150000,12
2_dev,3,3,1,notneedfunding,9999,6,12500,150000,12
2_dev,3,3,1,nofunding,99,9,12500,150000,12
2_dev,1,5,0.5,nofunding,499,0,12500,150000,12
2_dev,2,3,1,nofunding,99,11,12500,150000,12
2_dev,2,1,1,nofunding,99,11,12500,162500,13
2_dev,1,3,1,notneedfunding,499,6,12500,162500,13
2_dev,3,1,0.5,nofunding,9999,7,12500,150000,12
2_dev,3,3,1,nofunding,499,17,12500,150000,12
2_dev,3,3,2,nofunding,99,7,12500,150000,12
2_dev,3,3,1,nofunding,499,14,12500,150000,12
2_dev,1,0,1,nofunding,99,0,12500,150000,12
2_dev,1,1,1,nofunding,20,0,12500,150000,12
2_dev,3,5,1,nofunding,99,3,12500,150000,12
2_dev,3,1,0.5,notneedfunding,499,20,12500,162500,13
2_dev,1,3,0.5,nofunding,20,0,12500,150000,12
2_dev,1,3,0.5,nofunding,999,12,12500,150000,12
2_dev,1,3,1,public,10000,5,12500,150000,12
2_dev,2,3,1,nofunding,20,0,12500,150000,12
2_dev,4,5,1,nofunding,499,10,12500,162500,13
2_dev,1,3,1,nofunding,99,0,12500,150000,12
2_dev,3,3,0.5,nofunding,20,0,12500,150000,12
2_dev,2,3,0.5,nofunding,99,14,12500,150000,12
2_dev,3,3,1,nofunding,99,10,12000,144000,12
2_dev,1,3,0.5,nofunding,999,0,12000,144000,12
2_dev,6,0,0.5,nofunding,99,2,11500,138000,12
2_dev,2,1,1,nofunding,99,0,11500,138000,12
2_dev,1,0,1,nofunding,20,0,11500,138000,12
2_dev,3,3,0.5,nofunding,20,0,11500,138000,12
2_dev,2,3,1,notneedfunding,20,4,11500,138000,12
2_dev,1,1,1,nofunding,99,0,11500,138000,12
2_dev,1,3,1,nofunding,20,0,11500,138000,12
2_dev,1,3,1,nofunding,499,0,11500,138000,12
2_dev,4,3,1,notneedfunding,99,7,11000,143000,13
2_dev,8,5,1,notneedfunding,20,2,11000,132000,12
2_dev,3,1,1,nofunding,20,0,11000,132000,12
2_dev,2,3,1,notneedfunding,99,3,10500,126000,12
2_dev,2,3,1,notneedfunding,99,6,10500,126000,12
2_dev,2,3,1,notneedfunding,99,4,10500,126000,12
2_dev,2,3,1,nofunding,20,4,10500,147000,14
2_dev,6,1,1,nofunding,20,0,10500,126000,12
2_dev,8,1,1,nofunding,20,0,10500,126000,12
2_dev,1,1,1,notneedfunding,9999,6,10500,126000,12
2_dev,4,1,0.5,nofunding,20,0,10500,147000,14
2_dev,3,3,0.5,nofunding,99,1,10500,126000,12
2_dev,4,1,1,nofunding,99,5,10500,126000,12
2_dev,6,1,1,nofunding,99,0,10500,126000,12
2_dev,8,0,0,nofunding,99,0,10500,126000,12
2_dev,1,3,1,notneedfunding,99,10,10500,136500,13
2_dev,8,0,1,nofunding,99,0,10000,120000,12
2_dev,8,3,1,nofunding,99,6,10000,120000,12
2_dev,3,1,1,public,9999,6,10000,120000,12
2_dev,3,1,0.5,public,9999,9,10000,120000,12
2_dev,6,1,1,nofunding,499,1,10000,120000,12
2_dev,3,3,1,notneedfunding,499,0,10000,120000,12
2_dev,3,1,1,public,10000,10,10000,120000,12
2_dev,2,3,1,nofunding,99,2,10000,120000,12
2_dev,2,1,1,nofunding,499,0,10000,120000,12
2_dev,2,3,1,nofunding,20,3,10000,120000,12
2_dev,2,1,0.5,nofunding,20,3,9500,114000,12
2_dev,4,1,1,notneedfunding,99,4,9500,123500,13
2_dev,2,1,1,nofunding,99,7,9500,123500,13
2_dev,4,1,1,nofunding,20,11,9500,123500,13
2_dev,1,0,1,nofunding,99,4,9500,114000,12
2_dev,4,1,1,nofunding,99,2,9500,114000,12
2_dev,4,0,1,notneedfunding,99,8,9500,133000,14
2_dev,4,1,0.5,nofunding,10000,5,9500,114000,12
2_dev,3,0,0.5,nofunding,99,20,9000,108000,12
2_dev,8,0,1,nofunding,20,0,9000,108000,12
2_dev,2,3,0.5,nofunding,99,6,9000,108000,12
2_dev,8,1,1,nofunding,99,0,8500,102000,12
2_dev,6,0,1,notneedfunding,99,6,8500,119000,14
2_dev,6,3,1,nofunding,20,5,8500,102000,12
2_dev,8,1,1,notneedfunding,20,9,8500,102000,12
2_dev,1,1,1,nofunding,20,0,8500,102000,12
2_dev,4,0,1,nofunding,99,9,8500,102000,12
2_dev,2,1,0.5,nofunding,20,0,8000,96000,12
2_dev,8,0,0,nofunding,20,20,8000,96000,12
2_dev,8,0,1,notneedfunding,20,0,7500,90000,12
2_dev,5,3,1,nofunding,20,0,7500,90000,12
2_dev,5,3,1,nofunding,20,0,7500,90000,12
2_dev,8,1,1,nofunding,99,8,7500,90000,12
2_dev,5,3,1,nofunding,20,0,7500,90000,12
2_dev,5,3,1,nofunding,20,0,7500,90000,12
2_dev,8,5,0.5,nofunding,99,1,7500,97500,13
2_dev,8,1,0.5,nofunding,99,6,6500,78000,12
2_dev,8,1,0,nofunding,20,0,6500,78000,12
2_dev,8,0,1,nofunding,20,2,6000,84000,14
2_dev,4,1,0.5,nofunding,20,5,5500,66000,12
2_dev,8,1,0.5,notneedfunding,20,1,4500,54000,12
2_dev,1,5,0.5,nofunding,499,2,14500,174000,12
2_dev,3,3,1,nofunding,99,4,12500,150000,12
2_dev,1,5,1,notneedfunding,99,4,21500,258000,12
2_dev,4,5,1,nofunding,20,6,37500,487500,13
2_dev,3,1,1,nofunding,999,9,12500,150000,12
2_dev,8,3,1,nofunding,99,8,8500,110500,13
2_dev,6,0,2,public,999,13,41500,622500,15
2_dev,2,3,1,public,10000,8,12000,144000,12
2_dev,3,3,1,nofunding,9999,7,18000,216000,12
2_dev,3,0,1,nofunding,99,9,8500,102000,12
2_dev,2,0,1,nofunding,99,13,12500,162500,13
2_dev,6,3,1,nofunding,20,7,15500,186000,12
2_dev,8,1,0,nofunding,20,10,9500,114000,12
2_dev,1,3,1,nofunding,499,15,20000,240000,12
2_dev,4,0,1,notneedfunding,99,9,9000,117000,13
2_dev,2,5,1,nofunding,499,0,15000,195000,13
2_dev,6,1,1,notneedfunding,499,1,11000,132000,12
2_dev,3,1,1,nofunding,99,6,17500,210000,12
2_dev,6,0,1,nofunding,99,7,11500,138000,12
2_dev,4,5,0.5,nofunding,499,0,22500,270000,12
2_dev,6,3,0.5,nofunding,20,0,15500,186000,12
2_dev,8,1,1,nofunding,99,0,7500,90000,12
2_dev,2,1,1,notneedfunding,99,4,9000,117000,13
2_dev,4,1,1,nofunding,999,6,16500,198000,12
2_dev,6,1,1,nofunding,99,4,10500,126000,12
2_dev,8,1,1,nofunding,99,4,9500,114000,12
2_dev,1,1,1,nofunding,99,0,12500,150000,12
2_dev,8,3,1,notneedfunding,99,0,8000,96000,12
2_dev,2,3,0.5,nofunding,99,8,12500,150000,12
2_dev,3,3,1,nofunding,499,3,8500,102000,12
2_dev,3,0,1,nofunding,499,0,17500,210000,12
2_dev,4,0,1,nofunding,99,5,21000,252000,12
2_dev,4,5,1,notneedfunding,499,2,20000,240000,12
2_dev,1,3,1,nofunding,99,0,17500,210000,12
2_dev,4,1,1,nofunding,20,7,16000,192000,12
2_dev,3,3,1,notneedfunding,499,12,13500,162000,12
2_dev,1,0,1,nofunding,99,0,12500,162500,13
2_dev,1,1,1,nofunding,20,14,11000,132000,12
2_dev,8,1,1,notneedfunding,499,20,7500,90000,12
2_dev,3,3,1,nofunding,9999,0,27500,330000,12
2_dev,8,1,1,notneedfunding,99,6,8000,96000,12
2_dev,2,1,0.5,nofunding,99,4,9500,114000,12
2_dev,4,3,1,nofunding,20,8,30000,390000,13
2_dev,1,3,0.5,nofunding,499,10,20000,260000,13
2_dev,6,1,1,nofunding,99,3,14000,168000,12
2_dev,2,1,1,nofunding,99,4,10000,120000,12
2_dev,2,0,0,notneedfunding,99,3,16500,198000,12
2_dev,1,0,1,nofunding,20,0,15500,186000,12
2_dev,8,3,1,notneedfunding,99,8,10000,120000,12
2_dev,6,1,1,nofunding,99,4,16500,198000,12
2_dev,6,3,1,notneedfunding,20,4,22500,270000,12
2_dev,3,0,1,notneedfunding,20,5,22500,270000,12
2_dev,1,0,1,nofunding,99,15,20000,240000,12
2_dev,1,5,1,nofunding,99,7,20000,240000,12
2_dev,1,0,1,notneedfunding,99,5,18000,252000,14
2_dev,1,3,1,nofunding,99,3,12500,150000,12
2_dev,1,3,1,notneedfunding,499,17,12500,150000,12
2_dev,7,1,1,nofunding,99,14,10500,126000,12
2_dev,6,3,1,nofunding,99,0,10500,126000,12
2_dev,4,1,1,notneedfunding,10000,15,10500,126000,12
2_dev,2,1,1,nofunding,99,9,10000,120000,12
2_dev,8,1,0,notneedfunding,99,4,8500,102000,12
2_dev,6,1,2,public,9999,16,20000,280000,14
2_dev,6,1,1,nofunding,9999,14,9500,114000,12
2_dev,6,3,0.5,nofunding,20,4,10500,126000,12
2_dev,3,3,1,notneedfunding,20,0,12500,150000,12
2_dev,8,1,1,nofunding,9999,8,11500,138000,12
2_dev,2,1,1,nofunding,20,0,9000,108000,12
2_dev,1,1,1,nofunding,20,16,22500,270000,12
2_dev,2,3,1,nofunding,20,0,11000,143000,13
2_dev,2,0,1,public,9999,13,47500,570000,12
2_dev,1,5,1,public,9999,7,19000,228000,12
2_dev,3,1,1,notneedfunding,9999,3,14000,182000,13
2_dev,3,1,1,notneedfunding,9999,3,14000,182000,13
2_dev,6,0,1,notneedfunding,10000,20,22500,315000,14
2_dev,1,0,1,notneedfunding,10000,20,22500,315000,14
2_dev,3,3,1,nofunding,499,0,15000,180000,12
2_dev,7,10,0.5,nofunding,99,8,18500,222000,12
2_dev,1,3,0.5,nofunding,99,6,14000,168000,12
2_dev,1,5,0.5,nofunding,499,0,14000,168000,12
2_dev,1,3,1,nofunding,20,4,15500,186000,12
2_dev,1,5,1,notneedfunding,10000,3,17000,204000,12
2_dev,1,3,0.5,notneedfunding,9999,2,18000,216000,12
2_dev,3,3,0.5,public,9999,8,22000,264000,12
2_dev,6,3,1,notneedfunding,499,9,18500,222000,12
2_dev,4,3,1,public,999,15,9000,108000,12
2_dev,6,1,1,notneedfunding,10000,20,30000,420000,14
2_dev,3,0,0.5,nofunding,20,0,21000,252000,12
2_dev,6,3,1,public,10000,8,19000,247000,13
2_dev,3,3,1,notneedfunding,99,11,10000,120000,12
2_dev,2,1,1,public,9999,7,10000,120000,12
2_dev,1,3,1,public,999,5,13500,162000,12
2_dev,1,1,1,nofunding,499,5,18500,222000,12
2_dev,1,1,1,nofunding,499,11,10000,120000,12
2_dev,1,1,1,notneedfunding,9999,6,10000,120000,12
2_dev,4,5,1,nofunding,9999,8,15000,210000,14
2_dev,2,3,1,nofunding,499,3,13000,156000,12
2_dev,2,0,1,notneedfunding,10000,20,27000,378000,14
2_dev,6,3,1,notneedfunding,499,6,14000,168000,12
2_dev,3,1,0.5,nofunding,499,9,8500,102000,12
2_dev,6,3,1,nofunding,99,0,16000,192000,12
2_dev,3,0,1,public,9999,6,22500,292500,13
2_dev,6,5,1,nofunding,20,6,20000,240000,12
2_dev,1,3,1,nofunding,499,3,15500,186000,12
2_dev,1,0,1,public,9999,5,22500,270000,12
2_dev,1,3,1,nofunding,99,0,20000,240000,12
2_dev,8,1,0.5,nofunding,499,0,20000,240000,12
2_dev,4,3,1,nofunding,99,11,15000,180000,12
2_dev,6,3,1,nofunding,20,0,12500,150000,12
2_dev,4,0,1,notneedfunding,10000,20,22500,315000,14
2_dev,6,3,1,notneedfunding,9999,13,27000,351000,13
2_dev,6,3,1,nofunding,99,5,18500,222000,12
2_dev,8,1,1,nofunding,99,1,7000,84000,12
2_dev,3,1,0.5,notneedfunding,99,9,14500,174000,12
2_dev,8,1,1,public,499,6,8500,102000,12
2_dev,6,1,1,notneedfunding,499,11,14000,168000,12
2_dev,4,1,1,notneedfunding,99,7,10500,126000,12
2_dev,4,0,1,nofunding,99,4,10000,140000,14
2_dev,3,1,1,nofunding,99,3,10000,120000,12
2_dev,1,1,1,nofunding,20,2,9500,114000,12
2_dev,3,1,1,nofunding,99,0,9000,108000,12
2_dev,2,1,1,nofunding,99,1,8500,102000,12
2_dev,7,1,1,nofunding,99,11,15000,180000,12
2_dev,4,0,1,nofunding,99,0,10500,136500,13
2_dev,1,1,1,nofunding,99,3,11500,138000,12
2_dev,3,0,0.5,nofunding,99,8,10000,120000,12
2_dev,1,1,0.5,nofunding,499,6,9500,114000,12
2_dev,4,1,0.5,notneedfunding,9999,11,13500,162000,12
2_dev,3,3,1,public,10000,12,16500,214500,13
2_dev,2,1,0.5,nofunding,99,8,13500,162000,12
2_dev,3,3,1,public,10000,12,20000,320000,16
2_dev,1,3,1,notneedfunding,20,7,17500,210000,12
2_dev,2,3,1,notneedfunding,499,8,25000,300000,12
2_dev,6,5,1,nofunding,99,6,22500,270000,12
2_dev,1,3,0.5,nofunding,99,0,16000,192000,12
2_dev,4,1,0.5,nofunding,20,0,14000,168000,12
2_dev,8,3,1,notneedfunding,499,10,13500,162000,12
2_dev,8,1,1,nofunding,999,0,12500,150000,12
2_dev,2,3,0.5,nofunding,99,4,12500,150000,12
2_dev,2,1,1,nofunding,99,5,12500,150000,12
2_dev,3,3,1,nofunding,99,6,12000,144000,12
2_dev,1,1,1,nofunding,499,18,11500,138000,12
2_dev,2,3,0.5,notneedfunding,99,4,10500,126000,12
2_dev,4,3,1,notneedfunding,499,9,9500,114000,12
2_dev,3,0,0.5,nofunding,20,13,8500,102000,12
2_dev,8,1,0.5,nofunding,99,0,6000,72000,12
2_dev,1,3,1,notneedfunding,20,1,20000,240000,12
2_dev,1,5,1,notneedfunding,99,6,24000,288000,12
2_dev,4,3,1,nofunding,99,10,22500,270000,12
2_dev,4,3,1,notneedfunding,499,5,22500,270000,12
2_dev,3,3,1,nofunding,20,0,22500,270000,12
2_dev,3,3,1,nofunding,99,0,20500,246000,12
2_dev,4,3,1,notneedfunding,99,12,20000,240000,12
2_dev,1,3,1,nofunding,499,7,20000,240000,12
2_dev,1,5,1,nofunding,99,5,20000,240000,12
2_dev,1,5,1,nofunding,20,8,20000,240000,12
2_dev,2,0,1,notneedfunding,499,19,20000,240000,12
2_dev,3,5,1,notneedfunding,499,6,19000,228000,12
2_dev,3,5,0.5,nofunding,499,7,18500,222000,12
2_dev,3,5,1,nofunding,20,1,18000,216000,12
2_dev,3,3,1,nofunding,99,0,18000,216000,12
2_dev,3,3,1,nofunding,99,11,17500,227500,13
2_dev,3,1,1,notneedfunding,20,4,17500,210000,12
2_dev,3,10,1,notneedfunding,99,8,16500,198000,12
2_dev,6,3,0.5,nofunding,20,1,16500,198000,12
2_dev,4,3,1,notneedfunding,20,6,16000,208000,13
2_dev,6,5,1,nofunding,99,5,16000,208000,13
2_dev,1,5,1,nofunding,20,0,16000,192000,12
2_dev,3,3,0.5,nofunding,99,9,15500,186000,12
2_dev,4,1,1,nofunding,20,1,15500,186000,12
2_dev,8,3,1,nofunding,99,8,15500,186000,12
2_dev,8,1,1,nofunding,20,0,15500,186000,12
2_dev,6,3,1,nofunding,99,17,13500,162000,12
2_dev,3,5,1,notneedfunding,20,0,13500,162000,12
2_dev,4,1,1,notneedfunding,9999,6,13500,162000,12
2_dev,4,0,1,nofunding,499,3,13000,156000,12
2_dev,4,3,1,nofunding,20,3,13000,156000,12
2_dev,8,3,1,nofunding,20,11,12500,150000,12
2_dev,8,3,1,nofunding,99,5,12500,150000,12
2_dev,8,3,1,nofunding,9999,14,12500,150000,12
2_dev,8,3,1,nofunding,99,8,12500,150000,12
2_dev,4,5,0.5,notneedfunding,499,13,12500,150000,12
2_dev,2,3,1,nofunding,99,0,12500,150000,12
2_dev,3,3,1,nofunding,99,12,12500,150000,12
2_dev,1,3,1,nofunding,20,0,12500,150000,12
2_dev,2,3,0.5,nofunding,20,4,12500,150000,12
2_dev,1,3,1,nofunding,99,4,11000,132000,12
2_dev,8,1,1,nofunding,20,0,11000,132000,12
2_dev,4,0,1,nofunding,99,0,10500,126000,12
2_dev,8,3,1,nofunding,20,0,10500,126000,12
2_dev,8,1,1,nofunding,20,2,10500,136500,13
2_dev,8,3,1,nofunding,99,14,10500,136500,13
2_dev,4,0,1,nofunding,99,4,10500,126000,12
2_dev,6,1,0.5,notneedfunding,20,5,10000,120000,12
2_dev,2,3,0.5,nofunding,20,0,10000,120000,12
2_dev,8,3,0,nofunding,20,7,9000,108000,12
2_dev,8,3,0.5,nofunding,20,0,9000,108000,12
2_dev,8,5,1,notneedfunding,99,4,8000,96000,12
2_dev,8,3,1,nofunding,499,12,7500,90000,12
2_dev,2,1,1,nofunding,20,7,6500,78000,12
2_dev,8,5,1,nofunding,999,13,20000,240000,12
2_dev,4,3,1,nofunding,499,8,22500,292500,13
2_dev,1,5,1,nofunding,20,0,13500,162000,12
2_dev,4,1,1,notneedfunding,999,15,19000,228000,12
2_dev,2,5,1,notneedfunding,499,11,16500,247500,15
2_dev,8,5,0.5,nofunding,9999,12,17000,204000,12
2_dev,1,3,1,nofunding,20,8,15500,201500,13
2_dev,8,3,0.5,nofunding,499,5,12500,150000,12
2_dev,8,3,2,notneedfunding,20,5,10000,120000,12
2_dev,8,3,2,notneedfunding,20,5,10000,120000,12
2_dev,4,3,1,notneedfunding,999,0,25000,300000,12
2_dev,6,1,1,nofunding,499,5,22500,270000,12
2_dev,4,1,1,nofunding,20,4,22500,270000,12
2_dev,1,5,1,nofunding,99,6,22000,264000,12
2_dev,4,3,0.5,notneedfunding,99,12,20500,287000,14
2_dev,6,3,1,nofunding,20,0,20000,240000,12
2_dev,4,1,1,nofunding,9999,16,20000,240000,12
2_dev,2,1,1,nofunding,20,6,17500,227500,13
2_dev,6,0,1,nofunding,499,8,16500,198000,12
2_dev,1,1,1,nofunding,999,10,16000,224000,14
2_dev,3,3,1,nofunding,99,13,16000,192000,12
2_dev,1,3,1,nofunding,499,5,16000,192000,12
2_dev,4,3,1,nofunding,20,17,15500,186000,12
2_dev,4,3,1,nofunding,499,4,15500,186000,12
2_dev,8,0,1,notneedfunding,499,9,15500,186000,12
2_dev,1,3,0.5,nofunding,99,0,14500,174000,12
2_dev,3,1,1,nofunding,9999,2,14000,182000,13
2_dev,1,0,1,nofunding,20,0,14000,168000,12
2_dev,6,1,1,nofunding,499,7,13000,182000,14
2_dev,6,1,0.5,notneedfunding,499,3,13000,156000,12
2_dev,6,1,1,notneedfunding,499,13,13000,156000,12
2_dev,8,0,0,nofunding,499,0,12500,150000,12
2_dev,4,3,1,nofunding,99,8,12500,150000,12
2_dev,6,1,1,nofunding,20,6,12500,150000,12
2_dev,1,1,1,nofunding,20,0,12500,150000,12
2_dev,1,0,1,nofunding,99,0,12500,150000,12
2_dev,4,1,1,notneedfunding,9999,13,12500,150000,12
2_dev,4,3,1,notneedfunding,9999,9,12500,175000,14
2_dev,1,1,1,notneedfunding,499,0,12500,150000,12
2_dev,1,1,1,notneedfunding,499,4,12000,144000,12
2_dev,2,3,1,nofunding,499,13,11500,138000,12
2_dev,4,1,1,notneedfunding,20,1,11500,138000,12
2_dev,8,3,1,nofunding,499,5,11000,132000,12
2_dev,8,1,0,nofunding,99,0,10500,126000,12
2_dev,8,0,1,public,499,8,10500,126000,12
2_dev,6,1,1,notneedfunding,499,6,10500,126000,12
2_dev,1,1,1,nofunding,9999,0,10000,120000,12
2_dev,8,1,1,nofunding,20,0,10000,120000,12
2_dev,6,1,1,notneedfunding,499,13,10000,130000,13
2_dev,8,0,1,nofunding,99,0,10000,130000,13
2_dev,4,3,1,nofunding,499,5,10000,120000,12
2_dev,2,3,1,nofunding,99,11,10000,120000,12
2_dev,4,1,1,notneedfunding,99,3,10000,120000,12
2_dev,2,1,1,notneedfunding,499,13,10000,130000,13
2_dev,2,1,1,nofunding,20,6,10000,120000,12
2_dev,1,1,1,nofunding,99,0,9500,114000,12
2_dev,4,0,1,nofunding,20,6,9500,123500,13
2_dev,2,1,0.5,nofunding,99,0,9500,114000,12
2_dev,4,0,1,nofunding,20,0,9500,114000,12
2_dev,2,3,0.5,nofunding,99,16,9500,114000,12
2_dev,8,1,1,nofunding,499,9,9000,108000,12
2_dev,3,1,0.5,notneedfunding,99,9,8500,102000,12
2_dev,3,1,0.5,notneedfunding,99,6,8500,102000,12
2_dev,2,1,1,nofunding,99,11,8500,110500,13
2_dev,3,1,0.5,notneedfunding,99,9,8500,102000,12
2_dev,8,1,0.5,nofunding,99,0,8000,96000,12
2_dev,2,1,1,nofunding,20,0,8000,96000,12
2_dev,8,1,1,nofunding,999,5,8000,96000,12
2_dev,3,1,1,nofunding,499,13,7000,84000,12
2_dev,3,1,1,nofunding,499,13,7000,84000,12
2_dev,3,0,1,nofunding,99,7,7000,84000,12
2_dev,3,1,0.5,notneedfunding,99,2,7000,84000,12
2_dev,8,1,1,nofunding,20,0,5500,66000,12
2_dev,4,1,1,nofunding,99,0,18000,216000,12
2_dev,8,3,1,notneedfunding,20,5,8500,102000,12
2_dev,8,5,1,notneedfunding,499,7,14500,174000,12
2_dev,6,3,1,notneedfunding,10000,8,16000,192000,12
2_dev,6,3,1,nofunding,9999,7,22500,270000,12
2_dev,4,0,1,notneedfunding,10000,15,22500,315000,14
2_dev,1,0,1,notneedfunding,99,10,10000,140000,14
2_dev,4,0,0.5,nofunding,499,10,17000,204000,12
2_dev,7,3,1,notneedfunding,9999,5,21500,258000,12
2_dev,3,3,1,notneedfunding,499,8,12500,150000,12
2_dev,2,3,1,nofunding,99,6,16500,198000,12
2_dev,6,5,1,public,9999,0,20000,240000,12
2_dev,3,1,1,notneedfunding,999,1,15000,195000,13
2_dev,3,1,1,public,10000,5,11500,149500,13
2_dev,1,3,1,public,10000,12,17500,210000,12
2_dev,1,3,1,notneedfunding,99,2,20500,246000,12
2_dev,1,3,1,nofunding,10000,5,17500,210000,12
2_dev,1,3,1,nofunding,499,3,15500,186000,12
2_dev,2,5,0.5,notneedfunding,9999,11,14500,174000,12
2_dev,4,1,0.5,nofunding,99,5,9500,114000,12
2_dev,3,3,1,nofunding,10000,0,21500,279500,13
2_dev,6,3,1,notneedfunding,99,12,18000,216000,12
2_dev,2,5,1,nofunding,499,11,22500,270000,12
2_dev,1,3,1,nofunding,9999,11,24000,288000,12
2_dev,1,3,1,nofunding,99,4,22500,270000,12
2_dev,6,0,1,nofunding,99,8,22500,315000,14
2_dev,1,3,1,notneedfunding,999,14,20500,246000,12
2_dev,1,1,1,nofunding,499,15,20000,240000,12
2_dev,1,3,1,nofunding,499,5,20000,240000,12
2_dev,6,1,1,notneedfunding,99,15,18000,252000,14
2_dev,2,1,1,nofunding,99,9,17500,227500,13
2_dev,4,3,1,nofunding,99,11,15000,195000,13
2_dev,3,3,1,nofunding,499,14,15000,180000,12
2_dev,1,1,1,nofunding,499,12,12500,162500,13
2_dev,2,3,1,nofunding,99,12,12500,150000,12
2_dev,1,0,0.5,nofunding,99,20,10000,120000,12
2_dev,3,1,1,nofunding,20,3,9500,114000,12
2_dev,8,1,1,nofunding,20,20,6500,78000,12
2_dev,2,3,1,nofunding,99,4,16500,214500,13
2_dev,6,1,1,nofunding,99,0,12500,150000,12
2_dev,1,1,1,nofunding,99,0,12500,150000,12
2_dev,4,1,1,nofunding,99,0,12500,150000,12
2_dev,2,1,0,nofunding,20,0,10500,126000,12
2_dev,2,1,0,nofunding,20,0,10500,126000,12
2_dev,6,1,1,nofunding,99,11,22500,270000,12
2_dev,1,1,1,nofunding,20,9,20000,240000,12
2_dev,6,3,1,notneedfunding,9999,3,19000,228000,12
2_dev,4,1,1,nofunding,20,9,17000,204000,12
2_dev,4,1,0.5,nofunding,99,13,11000,132000,12
2_dev,2,1,0.5,nofunding,20,2,10500,126000,12
2_dev,6,0,1,notneedfunding,99,9,10500,168000,16
2_dev,1,1,0.5,notneedfunding,10000,18,15000,180000,12
2_dev,2,0,1,notneedfunding,99,4,12500,150000,12
2_dev,1,0,1,notneedfunding,9999,18,20000,260000,13
2_dev,3,3,1,nofunding,499,15,12500,162500,13
2_dev,2,3,0.5,public,9999,8,13500,162000,12
2_dev,2,0,1,notneedfunding,9999,6,15000,180000,12
2_dev,3,3,1,nofunding,99,3,14000,168000,12
2_dev,6,5,1,public,9999,4,16000,192000,12
2_dev,6,3,1,public,9999,11,16500,198000,12
2_dev,3,5,1,notneedfunding,99,10,14000,182000,13
2_dev,6,3,1,nofunding,99,2,26500,318000,12
2_dev,4,3,1,nofunding,99,14,24000,312000,13
2_dev,2,1,1,notneedfunding,10000,15,22500,315000,14
2_dev,6,5,1,nofunding,20,4,21500,258000,12
2_dev,1,3,1,nofunding,20,3,21500,258000,12
2_dev,1,3,1,nofunding,99,0,21500,258000,12
2_dev,4,5,1,notneedfunding,99,9,20500,246000,12
2_dev,4,5,1,nofunding,99,6,20500,246000,12
2_dev,4,3,1,nofunding,999,0,20000,240000,12
2_dev,1,3,0.5,nofunding,10000,8,20000,260000,13
2_dev,1,3,1,public,10000,11,20000,280000,14
2_dev,3,3,1,notneedfunding,499,7,20000,240000,12
2_dev,6,3,1,nofunding,99,13,20000,240000,12
2_dev,1,3,1,nofunding,99,7,20000,240000,12
2_dev,1,3,1,nofunding,20,0,19000,228000,12
2_dev,1,3,1,nofunding,499,17,19000,228000,12
2_dev,6,1,1,nofunding,499,7,18500,222000,12
2_dev,6,1,1,nofunding,20,0,18500,222000,12
2_dev,1,1,1,nofunding,20,2,18000,216000,12
2_dev,2,3,1,notneedfunding,499,9,18000,216000,12
2_dev,6,3,1,nofunding,9999,14,17500,245000,14
2_dev,3,5,1,nofunding,99,0,17500,227500,13
2_dev,6,3,1,nofunding,20,10,17500,227500,13
2_dev,1,1,1,nofunding,499,11,17500,227500,13
2_dev,1,3,1,public,499,5,17500,210000,12
2_dev,6,3,1,nofunding,499,9,17500,210000,12
2_dev,3,1,0.5,notneedfunding,20,9,17500,227500,13
2_dev,2,5,1,nofunding,20,0,16500,198000,12
2_dev,6,3,0.5,notneedfunding,99,16,16500,214500,13
2_dev,3,1,0.5,nofunding,99,0,16000,192000,12
2_dev,2,3,1,notneedfunding,499,6,16000,224000,14
2_dev,6,3,1,nofunding,499,5,16000,192000,12
2_dev,2,3,1,nofunding,20,3,16000,192000,12
2_dev,2,3,1,nofunding,499,5,16000,192000,12
2_dev,4,1,0.5,nofunding,9999,8,16000,192000,12
2_dev,1,3,1,public,9999,9,15500,186000,12
2_dev,2,1,0.5,nofunding,499,0,15500,186000,12
2_dev,4,3,1,nofunding,20,2,15000,180000,12
2_dev,1,3,1,nofunding,499,7,14500,174000,12
2_dev,6,1,1,nofunding,99,6,14000,196000,14
2_dev,1,3,1,nofunding,99,12,14000,168000,12
2_dev,1,0,1,public,499,6,13500,162000,12
2_dev,1,1,1,nofunding,99,0,13000,156000,12
2_dev,4,3,1,nofunding,20,0,12500,150000,12
2_dev,6,1,1,nofunding,99,9,12500,162500,13
2_dev,6,3,1,notneedfunding,99,3,12500,150000,12
2_dev,7,3,0.5,nofunding,99,7,12500,162500,13
2_dev,3,3,0.5,nofunding,99,9,12500,150000,12
2_dev,3,1,1,notneedfunding,499,10,12500,150000,12
2_dev,1,3,0.5,nofunding,99,7,12500,150000,12
2_dev,1,1,1,nofunding,20,0,12500,150000,12
2_dev,3,3,0.5,nofunding,999,9,12500,150000,12
2_dev,2,3,0.5,nofunding,999,8,12500,150000,12
2_dev,3,3,1,nofunding,99,5,11500,138000,12
2_dev,3,1,1,nofunding,20,0,11500,138000,12
2_dev,2,1,1,nofunding,20,3,10500,126000,12
2_dev,8,3,1,nofunding,99,4,10500,126000,12
2_dev,6,3,1,notneedfunding,20,1,10500,126000,12
2_dev,3,1,1,nofunding,99,8,10500,126000,12
2_dev,8,3,1,notneedfunding,99,6,10500,126000,12
2_dev,2,1,1,nofunding,20,0,10000,120000,12
2_dev,8,1,0,nofunding,99,9,10000,120000,12
2_dev,6,1,1,nofunding,99,9,10000,120000,12
2_dev,3,1,1,notneedfunding,99,5,10000,120000,12
2_dev,3,1,1,nofunding,20,2,9500,114000,12
2_dev,3,1,0.5,nofunding,99,9,8500,102000,12
2_dev,2,1,0.5,nofunding,20,0,7000,84000,12
2_dev,8,1,1,nofunding,499,15,5500,66000,12
2_dev,2,1,1,nofunding,499,20,20000,240000,12
2_dev,6,3,1,notneedfunding,99,7,12500,150000,12
2_dev,4,3,1,nofunding,20,6,16500,198000,12
2_dev,4,1,1,nofunding,99,0,14000,168000,12
2_dev,3,3,1,nofunding,20,11,10500,136500,13
2_dev,3,3,1,notneedfunding,99,6,12500,162500,13
2_dev,1,1,0.5,nofunding,20,0,17500,210000,12
2_dev,1,1,1,nofunding,99,8,15000,180000,12
2_dev,3,1,0.5,nofunding,99,2,10000,120000,12
2_dev,1,1,1,nofunding,99,1,11500,138000,12
2_dev,7,1,1,nofunding,9999,14,16000,224000,14
2_dev,3,3,0.5,notneedfunding,999,15,17000,221000,13
2_dev,6,5,1,nofunding,10000,0,22500,270000,12
2_dev,6,10,1,nofunding,499,14,24000,312000,13
2_dev,1,5,1,nofunding,499,14,23000,276000,12
2_dev,1,1,1,nofunding,99,5,20000,260000,13
2_dev,1,5,1,nofunding,99,9,15500,186000,12
2_dev,2,3,1,notneedfunding,20,7,8500,102000,12
2_dev,3,1,0.5,notneedfunding,499,18,12500,150000,12
2_dev,3,3,1,nofunding,99,0,10000,120000,12
2_dev,6,1,1,nofunding,499,7,11000,165000,15
2_dev,3,1,1,nofunding,499,7,12000,168000,14
2_dev,2,3,1,nofunding,99,10,12500,150000,12
2_dev,3,1,1,nofunding,20,0,6000,72000,12
2_dev,6,1,1,notneedfunding,99,12,22500,315000,14
2_dev,3,3,1,nofunding,99,20,22500,270000,12
2_dev,8,3,1,nofunding,9999,0,20500,246000,12
2_dev,4,1,1,nofunding,499,1,20000,240000,12
2_dev,1,1,1,notneedfunding,99,7,20000,300000,15
2_dev,6,3,1,notneedfunding,499,10,19500,234000,12
2_dev,3,0,1,notneedfunding,9999,13,19500,234000,12
2_dev,2,3,1,notneedfunding,99,12,19000,266000,14
2_dev,1,1,1,nofunding,99,13,17500,210000,12
2_dev,1,3,1,public,10000,15,17500,210000,12
2_dev,1,3,0.5,nofunding,499,3,17500,210000,12
2_dev,4,3,1,nofunding,99,9,17000,204000,12
2_dev,4,1,1,public,9999,8,16000,192000,12
2_dev,1,3,1,nofunding,99,5,15500,186000,12
2_dev,1,3,0.5,nofunding,99,0,15000,180000,12
2_dev,6,1,1,nofunding,499,6,14500,174000,12
2_dev,1,3,1,notneedfunding,499,3,14000,168000,12
2_dev,6,5,0.5,notneedfunding,9999,18,13000,156000,12
2_dev,1,3,0.5,nofunding,499,6,12500,150000,12
2_dev,4,1,1,nofunding,499,20,12500,150000,12
2_dev,3,3,0.5,nofunding,99,13,12500,150000,12
2_dev,2,1,1,nofunding,20,4,12500,150000,12
2_dev,4,1,0,notneedfunding,99,0,12500,150000,12
2_dev,4,3,1,nofunding,20,5,12000,144000,12
2_dev,2,1,0.5,nofunding,10000,5,12000,144000,12
2_dev,3,3,1,notneedfunding,99,6,11500,138000,12
2_dev,1,1,1,nofunding,499,20,11500,149500,13
2_dev,8,1,0.5,notneedfunding,99,4,10500,126000,12
2_dev,2,5,1,nofunding,499,12,10500,136500,13
2_dev,1,3,0.5,notneedfunding,499,9,10500,126000,12
2_dev,4,3,1,nofunding,20,8,10000,120000,12
2_dev,4,1,1,notneedfunding,99,8,9500,114000,12
2_dev,1,0,0.5,nofunding,99,0,8500,102000,12
2_dev,2,0,1,nofunding,499,0,8000,96000,12
2_dev,8,0,1,notneedfunding,20,3,7500,90000,12
2_dev,3,0,0.5,notneedfunding,20,3,7500,90000,12
2_dev,3,1,0.5,nofunding,499,13,7000,84000,12
2_dev,3,0,1,nofunding,99,13,6500,78000,12
2_dev,3,1,0.5,nofunding,499,13,6500,78000,12
2_dev,4,1,1,notneedfunding,20,6,6500,84500,13
2_dev,8,1,0.5,nofunding,499,14,6500,78000,12
2_dev,2,1,1,nofunding,99,1,3500,42000,12
2_dev,2,0,1,notneedfunding,10000,20,23000,345000,15
2_dev,6,0,1,notneedfunding,10000,20,23000,345000,15
2_dev,6,5,1,nofunding,10000,4,15500,186000,12
2_dev,3,3,0.5,nofunding,99,0,22500,270000,12
2_dev,4,0,1,notneedfunding,499,11,11500,138000,12
2_dev,3,1,1,nofunding,99,15,17500,210000,12
2_dev,2,3,1,notneedfunding,9999,5,17000,204000,12
2_dev,4,3,0.5,notneedfunding,9999,3,14000,168000,12
2_dev,6,0,1,notneedfunding,10000,20,22500,315000,14
2_dev,2,1,1,nofunding,20,0,8500,102000,12
2_dev,2,0,1,nofunding,10000,0,21000,315000,15
2_dev,4,1,1,nofunding,999,0,12500,150000,12
2_dev,1,3,1,nofunding,20,0,20000,240000,12
2_dev,6,0,1,nofunding,99,6,11500,138000,12
2_dev,6,1,0.5,nofunding,20,0,11500,138000,12
2_dev,4,3,1,public,10000,8,12500,150000,12
2_dev,1,0,0.5,public,10000,8,11000,143000,13
2_dev,6,5,0.5,nofunding,999,6,15500,186000,12
2_dev,6,3,1,nofunding,9999,6,13500,162000,12
2_dev,3,0,1,nofunding,499,16,6500,78000,12
2_dev,6,0,1,nofunding,20,7,16500,198000,12
2_dev,3,1,0.5,nofunding,99,0,8000,96000,12
2_dev,3,1,1,public,10000,8,12500,162500,13
2_dev,2,3,1,nofunding,499,0,20500,246000,12
2_dev,1,3,1,public,9999,6,22500,270000,12
2_dev,3,3,0.5,public,9999,4,11000,132000,12
2_dev,2,3,0.5,notneedfunding,9999,17,12500,150000,12
2_dev,4,0,1,nofunding,499,12,7000,84000,12
2_dev,2,1,1,nofunding,499,20,6500,78000,12
2_dev,2,0,1,nofunding,499,9,12500,175000,14
2_dev,2,1,1,nofunding,20,0,8500,102000,12
2_dev,2,0,1,notneedfunding,10000,20,30000,420000,14
2_dev,6,3,1,nofunding,99,5,26500,318000,12
2_dev,1,3,1,notneedfunding,99,7,26500,318000,12
2_dev,6,5,1,nofunding,99,9,22500,270000,12
2_dev,1,1,1,public,9999,13,22500,315000,14
2_dev,2,1,1,nofunding,499,5,22500,270000,12
2_dev,2,3,1,nofunding,499,12,22500,270000,12
2_dev,6,3,1,nofunding,99,14,22500,292500,13
2_dev,2,0,1,public,9999,11,22500,360000,16
2_dev,6,10,1,nofunding,20,0,22500,270000,12
2_dev,4,0,1,nofunding,99,0,22500,270000,12
2_dev,1,3,1,nofunding,20,3,22500,270000,12
2_dev,1,0,1,notneedfunding,99,0,22500,270000,12
2_dev,4,3,1,nofunding,499,8,21500,279500,13
2_dev,1,1,1,nofunding,99,9,21500,258000,12
2_dev,1,5,1,nofunding,99,5,21500,258000,12
2_dev,3,1,0.5,nofunding,499,7,21500,258000,12
2_dev,1,5,1,public,10000,7,21500,258000,12
2_dev,6,1,1,nofunding,499,17,21000,273000,13
2_dev,1,3,1,nofunding,499,13,21000,273000,13
2_dev,3,1,0,notneedfunding,9999,0,20000,280000,14
2_dev,6,3,1,nofunding,499,6,20000,240000,12
2_dev,2,3,1,nofunding,99,4,20000,240000,12
2_dev,6,1,1,public,99,10,20000,280000,14
2_dev,4,3,1,nofunding,99,11,20000,240000,12
2_dev,4,1,1,nofunding,499,0,20000,240000,12
2_dev,4,3,1,nofunding,999,10,20000,240000,12
2_dev,2,3,1,nofunding,99,16,20000,240000,12
2_dev,6,3,1,nofunding,499,6,20000,260000,13
2_dev,6,3,1,nofunding,9999,10,20000,240000,12
2_dev,1,3,1,nofunding,499,10,20000,240000,12
2_dev,1,3,1,nofunding,99,0,20000,240000,12
2_dev,6,3,1,nofunding,99,5,20000,240000,12
2_dev,4,5,0.5,notneedfunding,99,7,20000,240000,12
2_dev,1,3,1,notneedfunding,99,10,20000,240000,12
2_dev,1,1,1,nofunding,99,7,20000,240000,12
2_dev,1,3,1,nofunding,999,3,20000,260000,13
2_dev,2,5,1,notneedfunding,499,5,19500,234000,12
2_dev,2,3,2,notneedfunding,999,7,19000,228000,12
2_dev,6,1,1,nofunding,499,12,19000,228000,12
2_dev,4,0,1,nofunding,499,7,19000,228000,12
2_dev,2,0,1,nofunding,499,12,19000,228000,12
2_dev,3,0,1,public,9999,5,19000,228000,12
2_dev,6,3,1,nofunding,20,0,19000,228000,12
2_dev,1,1,1,nofunding,99,0,19000,228000,12
2_dev,6,5,1,public,10000,10,19000,228000,12
2_dev,6,3,1,nofunding,20,0,19000,228000,12
2_dev,2,3,1,nofunding,10000,4,18000,216000,12
2_dev,1,3,1,nofunding,99,3,18000,216000,12
2_dev,6,0,1,nofunding,99,4,18000,216000,12
2_dev,2,3,1,nofunding,499,12,18000,234000,13
2_dev,3,3,1,nofunding,99,8,17500,210000,12
2_dev,3,3,1,nofunding,499,3,17500,210000,12
2_dev,4,5,1,notneedfunding,9999,5,17500,210000,12
2_dev,1,3,0.5,notneedfunding,499,7,17500,227500,13
2_dev,1,3,1,public,9999,11,17500,227500,13
2_dev,4,0,1,notneedfunding,99,0,17500,210000,12
2_dev,6,3,1,public,999,11,17500,210000,12
2_dev,2,1,1,notneedfunding,10000,20,17000,204000,12
2_dev,4,1,1,nofunding,99,5,17000,204000,12
2_dev,1,5,1,nofunding,99,0,17000,204000,12
2_dev,1,3,1,nofunding,499,8,17000,204000,12
2_dev,1,3,0.5,nofunding,499,6,16500,198000,12
2_dev,6,3,1,nofunding,99,0,16500,198000,12
2_dev,6,3,0.5,nofunding,99,0,16500,198000,12
2_dev,1,5,1,nofunding,499,10,16500,198000,12
2_dev,8,5,1,nofunding,99,16,16500,198000,12
2_dev,1,3,0.5,nofunding,499,3,16500,198000,12
2_dev,1,5,1,nofunding,99,12,16000,192000,12
2_dev,1,5,1,public,10000,9,16000,192000,12
2_dev,3,3,1,public,10000,15,16000,192000,12
2_dev,1,3,1,public,499,10,16000,192000,12
2_dev,3,3,1,nofunding,499,12,16000,224000,14
2_dev,6,5,0.5,notneedfunding,499,6,16000,192000,12
2_dev,1,0,1,notneedfunding,9999,15,16000,192000,12
2_dev,3,3,1,nofunding,499,13,15500,186000,12
2_dev,6,1,0.5,nofunding,99,0,15500,186000,12
2_dev,2,3,1,notneedfunding,499,9,15500,201500,13
2_dev,6,1,1,notneedfunding,999,10,15500,186000,12
2_dev,2,1,1,nofunding,999,10,15000,180000,12
2_dev,8,5,1,nofunding,999,9,15000,180000,12
2_dev,6,5,0.5,nofunding,99,0,15000,195000,13
2_dev,1,3,1,nofunding,499,10,15000,180000,12
2_dev,6,3,1,nofunding,99,14,15000,180000,12
2_dev,6,3,1,public,9999,7,15000,180000,12
2_dev,2,3,1,nofunding,20,0,15000,180000,12
2_dev,4,0,0,notneedfunding,10000,9,15000,180000,12
2_dev,6,3,1,notneedfunding,99,4,15000,180000,12
2_dev,6,3,1,nofunding,499,13,15000,180000,12
2_dev,2,3,1,nofunding,99,9,15000,180000,12
2_dev,6,3,1,public,10000,12,14500,188500,13
2_dev,6,3,1,notneedfunding,499,8,14500,188500,13
2_dev,1,3,1,nofunding,99,5,14500,174000,12
2_dev,1,1,1,nofunding,99,4,14500,174000,12
2_dev,3,3,1,notneedfunding,9999,4,14500,174000,12
2_dev,4,1,1,nofunding,499,10,14000,168000,12
2_dev,1,3,1,nofunding,499,7,14000,168000,12
2_dev,3,3,1,notneedfunding,10000,9,14000,168000,12
2_dev,2,3,0.5,notneedfunding,499,4,14000,168000,12
2_dev,1,3,1,nofunding,20,0,13500,162000,12
2_dev,1,0,0.5,nofunding,20,0,13500,162000,12
2_dev,2,3,1,nofunding,499,5,13500,162000,12
2_dev,3,3,0.5,nofunding,99,2,13500,162000,12
2_dev,6,3,1,public,10000,12,13000,156000,12
2_dev,6,1,0.5,notneedfunding,20,2,12500,162500,13
2_dev,6,3,1,notneedfunding,499,6,12500,150000,12
2_dev,4,3,0.5,nofunding,99,0,12500,150000,12
2_dev,6,1,1,nofunding,499,11,12500,150000,12
2_dev,6,3,1,notneedfunding,9999,2,12500,150000,12
2_dev,4,0,1,nofunding,999,0,12500,150000,12
2_dev,6,3,1,public,10000,9,12500,150000,12
2_dev,6,3,1,nofunding,20,6,12500,150000,12
2_dev,6,1,1,nofunding,499,13,12500,150000,12
2_dev,6,0,1,nofunding,99,8,12500,162500,13
2_dev,6,3,1,nofunding,499,0,12500,150000,12
2_dev,4,3,1,nofunding,20,0,12500,150000,12
2_dev,6,3,1,notneedfunding,99,10,12500,187500,15
2_dev,6,1,1,nofunding,499,9,12500,175000,14
2_dev,6,3,1,notneedfunding,99,6,12500,150000,12
2_dev,6,1,1,notneedfunding,99,7,12500,150000,12
2_dev,6,3,0.5,nofunding,999,8,12500,150000,12
2_dev,8,3,1,notneedfunding,9999,11,12500,150000,12
2_dev,4,0,1,nofunding,99,10,12500,162500,13
2_dev,3,3,1,nofunding,499,13,12500,150000,12
2_dev,3,3,0.5,nofunding,999,0,12500,150000,12
2_dev,3,3,1,nofunding,99,5,12500,150000,12
2_dev,3,1,1,nofunding,99,6,12500,150000,12
2_dev,2,0,0.5,nofunding,99,1,12500,150000,12
2_dev,2,1,1,nofunding,20,0,12500,150000,12
2_dev,3,3,1,nofunding,99,11,12500,150000,12
2_dev,3,3,1,notneedfunding,9999,10,12500,150000,12
2_dev,1,3,1,nofunding,99,11,12500,150000,12
2_dev,4,1,1,notneedfunding,9999,8,12500,150000,12
2_dev,1,3,1,notneedfunding,499,10,12500,150000,12
2_dev,4,1,1,public,10000,8,12000,156000,13
2_dev,2,3,1,nofunding,99,0,11500,149500,13
2_dev,1,3,0.5,nofunding,20,0,11500,138000,12
2_dev,8,3,1,nofunding,20,8,11500,138000,12
2_dev,3,1,0.5,nofunding,99,6,11500,138000,12
2_dev,3,3,0.5,notneedfunding,499,13,11500,138000,12
2_dev,2,1,1,nofunding,20,1,11500,138000,12
2_dev,4,0,2,nofunding,499,11,11500,138000,12
2_dev,4,3,1,nofunding,99,8,11500,149500,13
2_dev,2,0,1,notneedfunding,99,7,11000,132000,12
2_dev,1,5,0.5,nofunding,99,7,11000,132000,12
2_dev,4,1,1,nofunding,499,11,11000,154000,14
2_dev,2,3,1,nofunding,499,12,11000,132000,12
2_dev,8,3,1,nofunding,499,3,11000,132000,12
2_dev,3,0,1,notneedfunding,99,2,11000,132000,12
2_dev,6,3,1,nofunding,20,0,11000,132000,12
2_dev,3,1,1,notneedfunding,99,12,11000,132000,12
2_dev,1,1,0.5,nofunding,499,10,11000,132000,12
2_dev,6,5,1,nofunding,20,0,11000,132000,12
2_dev,2,0,1,nofunding,20,0,11000,143000,13
2_dev,3,3,1,nofunding,9999,20,11000,132000,12
2_dev,6,1,1,nofunding,9999,12,10500,178500,17
2_dev,2,1,1,notneedfunding,99,6,10500,126000,12
2_dev,2,1,1,nofunding,20,0,10500,126000,12
2_dev,6,1,1,nofunding,99,2,10500,126000,12
2_dev,8,1,0.5,nofunding,20,0,10500,136500,13
2_dev,8,3,0.5,nofunding,99,11,10500,126000,12
2_dev,8,3,0.5,nofunding,99,20,10500,126000,12
2_dev,8,5,1,nofunding,99,10,10500,126000,12
2_dev,4,1,1,nofunding,99,7,10500,126000,12
2_dev,4,1,1,nofunding,99,9,10500,136500,13
2_dev,8,3,0.5,nofunding,99,0,10500,126000,12
2_dev,4,1,1,nofunding,20,4,10500,126000,12
2_dev,8,1,0.5,notneedfunding,499,7,10500,126000,12
2_dev,8,1,0,nofunding,20,0,10500,126000,12
2_dev,1,0,1,nofunding,99,13,10500,126000,12
2_dev,3,3,1,nofunding,499,12,10500,126000,12
2_dev,8,3,1,nofunding,99,8,10000,120000,12
2_dev,1,1,1,nofunding,99,0,10000,130000,13
2_dev,1,3,1,nofunding,99,6,10000,120000,12
2_dev,2,0,0,notneedfunding,499,0,10000,120000,12
2_dev,3,3,0.5,nofunding,99,8,10000,120000,12
2_dev,2,1,0.5,nofunding,20,9,10000,120000,12
2_dev,3,1,0.5,nofunding,99,6,10000,120000,12
2_dev,2,1,0.5,notneedfunding,20,7,10000,120000,12
2_dev,4,3,0.5,nofunding,99,0,10000,120000,12
2_dev,3,1,0.5,notneedfunding,99,9,10000,120000,12
2_dev,2,1,1,nofunding,99,6,10000,120000,12
2_dev,1,3,1,nofunding,499,12,9500,114000,12
2_dev,1,0,1,nofunding,99,5,9500,114000,12
2_dev,8,0,1,nofunding,99,9,9500,114000,12
2_dev,8,1,0.5,nofunding,20,0,9500,123500,13
2_dev,2,3,1,notneedfunding,20,8,9500,114000,12
2_dev,4,1,1,notneedfunding,99,6,9500,123500,13
2_dev,8,5,2,nofunding,20,0,9000,108000,12
2_dev,8,3,1,nofunding,99,4,9000,108000,12
2_dev,4,1,1,nofunding,99,9,9000,108000,12
2_dev,7,1,0.5,nofunding,20,6,8500,102000,12
2_dev,2,0,0.5,public,10000,11,8500,110500,13
2_dev,2,1,1,nofunding,20,9,8500,102000,12
2_dev,8,0,1,notneedfunding,99,7,8500,102000,12
2_dev,8,1,1,nofunding,99,11,8000,96000,12
2_dev,8,3,1,nofunding,99,11,8000,96000,12
2_dev,8,1,1,nofunding,99,4,7500,90000,12
2_dev,8,1,0,nofunding,99,5,7500,90000,12
2_dev,2,1,1,nofunding,499,9,7500,90000,12
2_dev,8,0,0.5,nofunding,99,0,7500,90000,12
2_dev,8,1,1,nofunding,499,7,7000,84000,12
2_dev,3,1,1,public,99,10,7000,84000,12
2_dev,8,0,0.5,nofunding,99,6,6500,78000,12
2_dev,2,1,0.5,nofunding,20,0,2500,30000,12
2_dev,3,0,1,nofunding,499,10,10500,126000,12
2_dev,8,0,1,notneedfunding,9999,9,18000,216000,12
2_dev,4,1,1,nofunding,999,6,12500,162500,13
2_dev,1,3,1,notneedfunding,9999,5,16000,192000,12
2_dev,6,3,1,nofunding,9999,12,20000,240000,12
2_dev,1,3,0.5,nofunding,99,0,15000,180000,12
2_dev,3,3,0.5,notneedfunding,499,14,11500,138000,12
2_dev,7,3,1,nofunding,99,9,16000,192000,12
2_dev,3,1,0.5,nofunding,20,0,12500,150000,12
2_dev,8,5,1,nofunding,10000,5,14000,168000,12
2_dev,6,1,1,notneedfunding,9999,13,16000,192000,12
2_dev,4,1,1,nofunding,20,5,12000,168000,14
2_dev,3,3,0.5,nofunding,99,13,16500,214500,13
2_dev,2,5,1,nofunding,999,8,20000,260000,13
2_dev,8,3,1,nofunding,99,4,22500,270000,12
2_dev,4,3,1,notneedfunding,499,10,20000,300000,15
2_dev,2,3,1,nofunding,499,6,17000,204000,12
2_dev,6,5,1,nofunding,99,8,19500,234000,12
2_dev,4,3,1,nofunding,99,15,17500,227500,13
2_dev,4,3,1,nofunding,99,10,22000,286000,13
2_dev,3,1,1,notneedfunding,20,8,10000,120000,12
2_dev,2,5,1,nofunding,9999,7,15500,201500,13
2_dev,3,1,0.5,notneedfunding,99,12,17500,210000,12
2_dev,1,1,1,public,9999,0,12500,150000,12
2_dev,2,5,1,nofunding,99,8,16000,192000,12
2_dev,2,1,1,public,10000,8,10500,136500,13
2_dev,6,3,1,nofunding,999,8,14500,174000,12
2_dev,6,3,1,nofunding,20,2,17500,227500,13
2_dev,6,3,1,notneedfunding,99,8,13500,162000,12
2_dev,1,3,1,notneedfunding,499,5,10500,126000,12
2_dev,4,1,1,nofunding,99,0,9500,114000,12
2_dev,4,5,1,notneedfunding,99,9,30000,420000,14
2_dev,8,3,1,nofunding,99,0,10500,126000,12
2_dev,1,3,0.5,nofunding,99,5,26500,318000,12
2_dev,8,1,1,nofunding,499,19,6500,78000,12
2_dev,1,3,0.5,nofunding,99,4,12500,150000,12
2_dev,6,0,1,nofunding,99,6,12500,150000,12
2_dev,1,0,1,nofunding,99,8,20000,240000,12
2_dev,6,5,1,nofunding,499,12,15000,180000,12
2_dev,6,1,1,notneedfunding,10000,16,12500,150000,12
2_dev,7,0,2,nofunding,99,15,10500,126000,12
2_dev,6,1,1,notneedfunding,499,7,24000,336000,14
2_dev,4,1,1,nofunding,20,0,12500,150000,12
2_dev,3,3,0.5,nofunding,99,9,19000,247000,13
2_dev,4,3,1,nofunding,99,0,22500,270000,12
2_dev,4,3,1,nofunding,9999,8,18000,234000,13
2_dev,4,3,1,nofunding,499,14,17500,210000,12
2_dev,3,3,0.5,notneedfunding,99,14,15500,186000,12
2_dev,8,0,1,nofunding,20,8,15500,186000,12
2_dev,6,0,1,nofunding,499,9,17500,210000,12
2_dev,6,3,1,nofunding,99,5,11000,132000,12
2_dev,2,1,1,nofunding,99,20,17500,210000,12
2_dev,2,1,2,notneedfunding,99,9,15000,180000,12
2_dev,3,3,0.5,nofunding,99,6,12500,150000,12
2_dev,2,0,1,nofunding,99,11,8000,112000,14
2_dev,3,1,0.5,nofunding,99,10,10000,120000,12
2_dev,6,3,1,nofunding,99,4,23000,276000,12
2_dev,2,5,1,nofunding,20,0,22500,270000,12
2_dev,3,5,1,notneedfunding,99,4,13000,169000,13
2_dev,4,5,0.5,nofunding,99,1,11500,138000,12
2_dev,8,3,1,notneedfunding,20,10,11000,143000,13
2_dev,3,1,1,nofunding,99,4,8500,102000,12
2_dev,1,1,2,public,999,7,14000,238000,17
2_dev,1,1,1,nofunding,99,18,12500,150000,12
2_dev,2,3,1,notneedfunding,20,11,11500,149500,13
2_dev,4,1,1,nofunding,99,0,10500,126000,12
2_dev,2,5,1,nofunding,20,0,5000,60000,12
2_dev,6,0,1,nofunding,999,9,22500,337500,15
2_dev,6,3,1,nofunding,499,5,19000,228000,12
2_dev,6,5,1,nofunding,20,0,17500,210000,12
2_dev,3,3,0.5,nofunding,99,8,11500,138000,12
2_dev,2,3,1,notneedfunding,99,2,9500,123500,13
2_dev,8,1,0.5,nofunding,20,9,8500,102000,12
2_dev,6,1,2,nofunding,99,6,20000,300000,15
2_dev,8,1,1,nofunding,99,10,10500,126000,12
2_dev,4,3,1,nofunding,99,11,17500,210000,12
2_dev,6,1,1,nofunding,99,6,9500,123500,13
2_dev,3,1,2,nofunding,20,0,22500,292500,13
2_dev,8,1,2,nofunding,20,0,22500,270000,12
2_dev,6,1,1,nofunding,99,12,17500,262500,15
2_dev,8,1,1,public,10000,12,8000,96000,12
2_dev,2,3,1,notneedfunding,99,7,20000,240000,12
2_dev,6,1,1,nofunding,99,0,26500,318000,12
2_dev,1,3,1,notneedfunding,499,5,20000,240000,12
2_dev,6,5,1,nofunding,20,0,20000,240000,12
2_dev,2,5,1,nofunding,20,1,18000,216000,12
2_dev,6,5,0.5,nofunding,499,5,17000,204000,12
2_dev,1,1,1,nofunding,99,14,16500,198000,12
2_dev,3,1,1,nofunding,20,9,16000,192000,12
2_dev,8,3,1,nofunding,499,9,12500,150000,12
2_dev,8,3,1,notneedfunding,20,12,12500,150000,12
2_dev,1,1,0.5,public,9999,8,11000,132000,12
2_dev,3,0,1,nofunding,20,6,9500,114000,12
2_dev,3,0,1,nofunding,20,6,9500,114000,12
2_dev,2,0,1,public,999,10,9500,133000,14
2_dev,6,1,1,nofunding,499,8,12500,162500,13
2_dev,4,1,1,nofunding,999,8,12500,150000,12
2_dev,8,3,0,notneedfunding,499,9,12500,162500,13
2_dev,1,1,0.5,notneedfunding,99,6,12500,150000,12
2_dev,1,1,1,nofunding,499,11,12500,150000,12
2_dev,6,3,1,nofunding,99,7,17500,210000,12
2_dev,1,1,1,notneedfunding,499,8,17500,210000,12
2_dev,2,3,0.5,nofunding,499,0,13500,175500,13
2_dev,1,3,1,nofunding,499,7,15000,195000,13
2_dev,2,3,0,nofunding,20,9,12500,150000,12
2_dev,1,0,1,nofunding,20,4,10500,126000,12
2_dev,4,3,1,nofunding,499,20,17000,204000,12
2_dev,1,0,2,notneedfunding,99,10,13000,156000,12
2_dev,6,3,1,nofunding,99,2,12000,144000,12
2_dev,8,1,1,notneedfunding,499,2,9500,114000,12
2_dev,3,3,1,notneedfunding,499,7,20000,240000,12
2_dev,3,5,1,notneedfunding,499,9,22500,270000,12
2_dev,1,3,1,nofunding,499,5,20000,240000,12
2_dev,3,3,1,notneedfunding,20,2,8000,96000,12
2_dev,4,1,1,notneedfunding,9999,12,10000,120000,12
2_dev,6,0,1,public,9999,5,30000,450000,15
2_dev,2,3,1,notneedfunding,9999,18,50000,600000,12
2_dev,6,5,1,nofunding,499,10,50000,600000,12
2_dev,6,3,1,notneedfunding,9999,18,50000,600000,12
2_dev,3,3,1,notneedfunding,9999,18,50000,600000,12
2_dev,2,5,1,nofunding,20,0,20500,246000,12
2_dev,6,5,1,public,10000,6,27500,357500,13
2_dev,8,3,1,nofunding,9999,6,10500,126000,12
2_dev,6,0,1,nofunding,99,1,10500,126000,12
2_dev,5,3,0,nofunding,20,2,7500,90000,12
2_dev,5,3,0,nofunding,20,2,7500,90000,12
2_dev,4,1,1,public,10000,10,11000,132000,12
2_dev,5,1,0,notneedfunding,99,4,45000,630000,14
2_dev,5,1,0,notneedfunding,99,4,45000,630000,14
2_dev,5,1,0,nofunding,20,0,2000,24000,12
2_dev,5,1,0,nofunding,20,0,2000,24000,12
2_dev,2,3,1,nofunding,499,16,12500,150000,12
2_dev,8,1,0.5,nofunding,499,15,7000,84000,12
2_dev,5,5,1,notneedfunding,999,11,8500,102000,12
2_dev,5,5,1,notneedfunding,999,11,8500,102000,12
2_dev,5,5,1,notneedfunding,999,11,8500,102000,12
2_dev,5,5,1,notneedfunding,999,11,8500,102000,12
2_dev,3,3,1,nofunding,499,0,11500,138000,12
2_dev,4,1,1,nofunding,20,0,15000,180000,12
2_dev,4,3,1,nofunding,20,8,23000,276000,12
2_dev,1,1,1,nofunding,99,8,22500,337500,15
2_dev,6,1,1,public,10000,8,14500,174000,12
2_dev,8,1,1,nofunding,499,18,8500,110500,13
2_dev,6,1,2,nofunding,99,13,15500,186000,12
2_dev,6,1,1,nofunding,99,3,12500,150000,12
2_dev,1,3,1,nofunding,499,17,20000,280000,14
2_dev,3,1,1,nofunding,20,3,12500,150000,12
2_dev,3,1,1,nofunding,20,3,12500,150000,12
2_dev,1,1,1,nofunding,999,13,11500,138000,12
2_dev,6,1,1,notneedfunding,999,10,10500,126000,12
2_dev,6,1,1,nofunding,99,10,9000,108000,12
2_dev,8,1,0.5,nofunding,499,12,8000,104000,13
2_dev,2,1,0.5,nofunding,499,11,6500,84500,13
2_dev,2,1,0.5,nofunding,499,7,6500,84500,13
2_dev,4,1,1,nofunding,20,3,10500,126000,12
2_dev,3,1,1,nofunding,99,10,8000,104000,13
2_dev,8,0,1,nofunding,99,6,9000,108000,12
2_dev,2,1,1,notneedfunding,99,5,12500,150000,12
2_dev,2,0,1,notneedfunding,10000,14,22500,337500,15
2_dev,4,3,1,nofunding,999,10,14500,188500,13
2_dev,5,1,1,nofunding,20,0,10000,130000,13
2_dev,6,3,1,nofunding,20,0,23500,282000,12
2_dev,4,3,1,nofunding,99,4,26500,318000,12
2_dev,2,3,0.5,nofunding,99,5,26500,318000,12
2_dev,4,3,0.5,nofunding,99,5,26500,318000,12
2_dev,3,3,0.5,nofunding,99,5,22500,270000,12
2_dev,3,3,0.5,nofunding,99,5,22500,270000,12
2_dev,2,3,1,notneedfunding,9999,12,12500,150000,12
2_dev,8,1,0.5,notneedfunding,20,4,21000,252000,12
2_dev,6,3,1,nofunding,499,8,22500,315000,14
2_dev,8,3,1,nofunding,499,10,12500,150000,12
2_dev,4,3,1,notneedfunding,99,9,25000,300000,12
2_dev,3,5,1,nofunding,99,0,17500,210000,12
2_dev,4,3,1,nofunding,99,13,20000,240000,12
2_dev,4,3,1,nofunding,499,6,30000,360000,12
2_dev,1,5,1,nofunding,499,4,21000,252000,12
2_dev,1,0,1,nofunding,20,1,18000,216000,12
2_dev,1,3,0.5,nofunding,99,0,16000,192000,12
2_dev,2,3,1,nofunding,499,8,11500,138000,12
2_dev,4,5,1,nofunding,99,12,22500,292500,13
2_dev,1,5,1,nofunding,99,0,18000,216000,12
2_dev,3,3,0.5,nofunding,99,2,16500,198000,12
2_dev,4,3,1,nofunding,9999,0,14000,182000,13
2_dev,2,5,1,notneedfunding,99,7,45000,585000,13
2_dev,6,5,1,notneedfunding,499,16,21000,273000,13
2_dev,2,5,1,notneedfunding,20,4,10000,120000,12
2_dev,2,5,0.5,nofunding,999,20,17500,210000,12
2_dev,4,5,1,nofunding,499,4,22500,270000,12
2_dev,2,5,1,nofunding,99,7,20000,240000,12
2_dev,6,1,1,nofunding,99,6,20000,240000,12
2_dev,3,5,1,nofunding,10000,4,18500,222000,12
2_dev,4,3,1,notneedfunding,499,6,17500,210000,12
2_dev,8,3,1,nofunding,9999,14,17500,210000,12
2_dev,1,3,1,nofunding,99,5,17500,210000,12
2_dev,4,1,1,nofunding,20,0,16500,198000,12
2_dev,2,3,1,nofunding,99,5,16000,208000,13
2_dev,1,1,2,nofunding,99,5,15500,186000,12
2_dev,2,3,1,notneedfunding,99,11,15000,180000,12
2_dev,3,1,1,nofunding,99,5,15000,180000,12
2_dev,2,3,1,nofunding,20,5,15000,180000,12
2_dev,6,3,1,nofunding,99,0,14000,168000,12
2_dev,8,10,1,nofunding,99,10,12500,150000,12
2_dev,1,1,2,nofunding,20,1,12500,150000,12
2_dev,6,5,1,nofunding,20,2,11500,138000,12
2_dev,4,3,1,nofunding,99,12,11000,132000,12
2_dev,2,3,0,nofunding,99,1,10500,126000,12
2_dev,2,5,1,nofunding,20,0,10500,126000,12
2_dev,4,0,1,nofunding,99,3,10500,126000,12
2_dev,8,3,1,nofunding,20,0,9500,114000,12
2_dev,8,3,1,nofunding,20,0,8500,102000,12
2_dev,2,3,1,nofunding,499,2,12000,144000,12
2_dev,3,5,1,nofunding,99,6,24000,288000,12
2_dev,6,3,1,nofunding,9999,0,12500,150000,12
2_dev,3,3,1,notneedfunding,499,14,14500,174000,12
2_dev,2,3,1,notneedfunding,99,10,20000,280000,14
2_dev,8,3,1,nofunding,499,9,10000,120000,12
2_dev,4,1,1,nofunding,99,2,16000,192000,12
2_dev,8,3,1,nofunding,99,7,17500,210000,12
2_dev,8,3,1,notneedfunding,20,1,9000,108000,12
2_dev,3,3,0.5,nofunding,99,4,26500,371000,14
2_dev,6,3,1,public,9999,7,17000,204000,12
2_dev,3,3,1,nofunding,999,8,13500,162000,12
2_dev,3,1,1,notneedfunding,9999,6,10000,120000,12
2_dev,6,1,1,nofunding,99,9,12000,156000,13
2_dev,3,3,1,public,10000,9,19000,228000,12
2_dev,8,0,1,nofunding,9999,7,7500,90000,12
2_dev,1,3,1,nofunding,10000,6,18500,222000,12
2_dev,1,3,1,nofunding,99,10,20000,280000,14
2_dev,8,5,1,notneedfunding,10000,12,11000,154000,14
2_dev,2,3,1,nofunding,20,0,10500,126000,12
2_dev,2,1,1,notneedfunding,20,13,8000,96000,12
2_dev,1,3,1,nofunding,99,0,18000,216000,12
2_dev,2,3,1,public,9999,10,14500,174000,12
2_dev,2,5,1,notneedfunding,99,4,12000,156000,13
2_dev,4,3,1,nofunding,99,18,15500,217000,14
2_dev,4,3,1,public,999,8,20000,240000,12
2_dev,1,3,0.5,nofunding,499,10,13000,156000,12
2_dev,2,3,1,nofunding,499,15,19500,351000,18
2_dev,3,1,1,nofunding,20,2,18000,216000,12
2_dev,8,1,1,notneedfunding,99,3,10500,126000,12
2_dev,4,3,1,nofunding,99,11,23000,276000,12
2_dev,8,1,1,nofunding,99,7,6000,72000,12
2_dev,8,0,1,nofunding,99,6,8500,110500,13
2_dev,4,3,1,nofunding,99,6,20000,240000,12
2_dev,4,5,1,nofunding,499,3,17500,210000,12
2_dev,6,5,1,nofunding,99,8,13500,162000,12
2_dev,2,0,1,notneedfunding,499,7,9000,108000,12
2_dev,7,3,1,nofunding,99,8,14000,168000,12
2_dev,4,3,1,notneedfunding,99,4,22500,337500,15
2_dev,4,0,1,notneedfunding,99,4,22000,264000,12
2_dev,4,1,1,nofunding,20,13,16000,192000,12
2_dev,3,3,1,nofunding,499,9,17500,210000,12
2_dev,2,0,1,notneedfunding,10000,20,21000,294000,14
2_dev,2,1,0.5,nofunding,99,0,16500,198000,12
2_dev,4,3,0.5,nofunding,99,0,9500,114000,12
2_dev,6,5,1,notneedfunding,20,3,10500,189000,18
2_dev,1,5,1,public,99,5,12500,150000,12
2_dev,8,3,1,notneedfunding,99,9,15500,186000,12
2_dev,8,3,1,notneedfunding,99,9,15500,186000,12
2_dev,8,0,2,nofunding,99,8,24000,360000,15
2_dev,2,1,1,notneedfunding,499,12,22500,270000,12
2_dev,4,1,1,notneedfunding,20,6,12500,150000,12
2_dev,4,3,1,notneedfunding,99,7,17500,210000,12
2_dev,1,1,1,nofunding,99,0,16500,198000,12
2_dev,2,1,1,nofunding,999,11,12500,150000,12
2_dev,8,3,1,public,9999,10,26500,318000,12
2_dev,8,3,0,notneedfunding,99,8,27500,330000,12
2_dev,8,3,1,notneedfunding,20,8,17500,210000,12
2_dev,8,3,0.5,nofunding,99,5,22500,270000,12
2_dev,2,1,1,nofunding,20,8,20000,240000,12
2_dev,4,1,1,nofunding,499,0,12500,150000,12
2_dev,2,3,0.5,notneedfunding,99,5,12500,162500,13
2_dev,1,1,1,nofunding,499,18,10500,126000,12
2_dev,8,5,1,nofunding,499,6,11500,138000,12
2_dev,7,3,0.5,notneedfunding,99,12,20000,260000,13
2_dev,2,1,1,notneedfunding,10000,19,22500,337500,15
2_dev,4,1,1,notneedfunding,10000,19,22500,360000,16
2_dev,4,0,1,notneedfunding,10000,20,22500,315000,14
2_dev,8,0,1,notneedfunding,10000,20,22500,337500,15
2_dev,4,1,1,nofunding,10000,0,22500,315000,14
2_dev,8,3,0.5,nofunding,499,5,9500,114000,12
2_dev,2,0,1,notneedfunding,10000,20,21500,301000,14
2_dev,3,0,1,notneedfunding,10000,20,21500,301000,14
2_dev,3,0,1,notneedfunding,10000,20,21500,301000,14
2_dev,3,0,1,notneedfunding,10000,20,21500,301000,14
2_dev,8,0,1,notneedfunding,10000,20,21500,301000,14
2_dev,8,1,1,notneedfunding,20,4,6000,72000,12
2_dev,5,0,0,nofunding,20,0,8000,96000,12
2_dev,5,0,0,nofunding,20,0,8000,96000,12
2_dev,8,1,0.5,nofunding,99,1,7500,97500,13
2_dev,6,3,1,public,10000,8,16500,198000,12
2_dev,8,3,2,notneedfunding,99,14,21000,273000,13
2_dev,8,5,1,nofunding,99,8,16500,198000,12
2_dev,1,1,1,public,9999,7,22500,270000,12
2_dev,8,5,1,notneedfunding,9999,10,18500,222000,12
2_dev,2,3,1,nofunding,499,19,10000,120000,12
2_dev,3,1,1,notneedfunding,999,8,11500,138000,12
2_dev,1,0,1,public,999,9,18000,216000,12
2_dev,8,1,1,notneedfunding,20,6,9500,114000,12
2_dev,8,5,1,notneedfunding,10000,6,11500,138000,12
2_dev,8,3,1,nofunding,99,9,12500,150000,12
2_dev,8,1,0.5,nofunding,20,4,8000,96000,12
2_dev,4,1,1,nofunding,499,16,11500,138000,12
2_dev,5,1,0.5,nofunding,20,20,6500,78000,12
2_dev,3,3,0.5,nofunding,99,20,11000,143000,13
2_dev,8,0,1,notneedfunding,10000,20,21000,252000,12
2_dev,2,3,1,notneedfunding,99,8,12000,144000,12
2_dev,2,3,0.5,nofunding,99,20,12500,175000,14
2_dev,3,3,1,nofunding,20,0,17500,210000,12
2_dev,2,3,1,nofunding,20,0,17500,210000,12
2_dev,4,3,1,nofunding,20,0,17500,210000,12
2_dev,8,1,1,nofunding,20,2,9000,108000,12
2_dev,2,5,1,notneedfunding,499,7,18000,216000,12
2_dev,3,1,1,nofunding,9999,14,20000,240000,12
2_dev,1,3,1,nofunding,99,13,20500,246000,12
2_dev,2,5,1,nofunding,99,14,19000,228000,12
2_dev,2,3,0,nofunding,99,12,16500,198000,12
2_dev,1,3,1,nofunding,10000,4,15500,186000,12
2_dev,8,3,1,nofunding,99,8,14000,168000,12
2_dev,1,3,1,public,9999,9,12000,156000,13
2_dev,3,1,0.5,notneedfunding,99,9,10500,126000,12
2_dev,3,5,0.5,nofunding,999,20,13000,156000,12
2_dev,6,1,1,notneedfunding,10000,9,15000,180000,12
2_dev,8,5,0,nofunding,20,0,11000,132000,12
2_dev,2,3,1,nofunding,499,6,21000,273000,13
2_dev,1,3,1,notneedfunding,99,14,20000,320000,16
2_dev,6,3,1,nofunding,99,3,15000,180000,12
2_dev,3,3,1,nofunding,9999,9,12500,150000,12
2_dev,2,1,1,nofunding,99,3,12500,150000,12
2_dev,1,1,1,notneedfunding,99,12,12500,150000,12
2_dev,2,5,1,nofunding,20,17,22500,270000,12
2_dev,2,3,1,public,9999,5,17500,210000,12
2_dev,1,5,1,nofunding,99,5,17500,227500,13
2_dev,6,1,1,notneedfunding,499,9,17500,210000,12
2_dev,1,5,1,nofunding,20,13,17500,210000,12
2_dev,1,3,1,nofunding,20,1,17500,210000,12
2_dev,1,1,1,nofunding,20,0,16500,198000,12
2_dev,1,5,0.5,nofunding,99,16,16000,192000,12
2_dev,2,3,1,notneedfunding,9999,11,16000,192000,12
2_dev,1,5,0.5,nofunding,99,6,15500,186000,12
2_dev,2,3,1,notneedfunding,99,16,15000,180000,12
2_dev,2,3,1,nofunding,99,3,15000,180000,12
2_dev,1,3,1,nofunding,20,0,15000,180000,12
2_dev,6,3,1,nofunding,99,0,12500,150000,12
2_dev,3,3,1,nofunding,499,8,12500,150000,12
2_dev,3,1,1,public,499,15,12500,150000,12
2_dev,1,0,1,nofunding,99,0,12500,150000,12
2_dev,1,3,0.5,nofunding,20,0,12500,150000,12
2_dev,3,1,1,nofunding,499,11,11500,138000,12
2_dev,3,3,1,nofunding,99,8,11000,132000,12
2_dev,6,1,1,notneedfunding,20,2,10500,126000,12
2_dev,1,3,1,notneedfunding,99,6,10500,126000,12
2_dev,8,3,1,nofunding,99,1,10000,120000,12
2_dev,3,1,1,notneedfunding,499,7,10000,120000,12
2_dev,3,1,0.5,nofunding,20,0,6500,78000,12
2_dev,6,3,1,nofunding,499,13,12500,187500,15
2_dev,3,1,1,nofunding,99,9,11000,132000,12
2_dev,4,3,1,notneedfunding,99,12,20000,240000,12
2_dev,6,3,1,nofunding,20,15,18000,216000,12
2_dev,2,3,1,notneedfunding,99,10,15000,180000,12
2_dev,8,3,1,notneedfunding,99,12,12500,150000,12
2_dev,4,1,1,notneedfunding,499,14,10500,126000,12
2_dev,2,3,1,nofunding,99,0,12500,150000,12
2_dev,5,5,1,nofunding,99,7,30000,450000,15
2_dev,5,5,1,nofunding,99,7,30000,450000,15
2_dev,6,1,1,nofunding,999,18,17500,227500,13
3_test,2,3,1,notneedfunding,499,16,13500,162000,12
3_test,6,0,0,nofunding,20,0,13500,162000,12
3_test,8,5,0.5,notneedfunding,9999,5,11000,132000,12
3_test,6,3,1,notneedfunding,499,12,18000,252000,14
3_test,5,0,1,notneedfunding,10000,20,22500,360000,16
3_test,5,0,1,notneedfunding,10000,20,22500,360000,16
3_test,2,3,1,nofunding,499,9,12500,150000,12
3_test,3,1,1,public,10000,12,11000,132000,12
3_test,6,1,1,nofunding,20,0,19500,234000,12
3_test,1,1,1,nofunding,20,0,19500,234000,12
3_test,2,3,1,nofunding,9999,0,17000,221000,13
3_test,2,3,1,nofunding,999,8,12500,150000,12
3_test,6,1,1,notneedfunding,10000,20,19000,266000,14
3_test,6,1,0.5,nofunding,99,3,10500,126000,12
3_test,6,1,1,notneedfunding,999,7,11000,154000,14
3_test,2,1,1,notneedfunding,9999,7,12500,150000,12
3_test,5,3,0.5,notneedfunding,9999,2,7500,90000,12
3_test,5,3,0.5,notneedfunding,9999,2,7500,90000,12
3_test,8,0,0.5,nofunding,99,2,9000,108000,12
3_test,3,5,1,public,10000,6,22500,270000,12
3_test,4,0,1,nofunding,20,4,18000,252000,14
3_test,6,0,1,notneedfunding,10000,20,18000,216000,12
3_test,5,1,0,notneedfunding,99,4,30000,420000,14
3_test,5,1,0,notneedfunding,99,4,30000,420000,14
3_test,8,3,1,public,10000,9,10000,120000,12
4_train,2,0,1,nofunding,999,8,10000,120000,12
4_train,2,0,1,nofunding,9999,6,9500,114000,12
4_train,2,1,0.5,nofunding,99,11,6500,78000,12
4_train,8,1,0.5,nofunding,99,0,9500,114000,12
4_train,8,0,0.5,nofunding,20,4,4000,52000,13
4_train,4,3,1,public,499,9,12500,150000,12
4_train,8,1,0.5,notneedfunding,499,19,6000,72000,12
4_train,3,0,1,nofunding,9999,7,12500,150000,12
4_train,3,3,1,nofunding,499,6,11500,138000,12
4_train,4,0,1,nofunding,9999,7,10000,120000,12
4_train,6,1,1,notneedfunding,99,0,8500,110500,13
4_train,8,1,0.5,nofunding,20,9,7000,84000,12
4_train,8,0,0,nofunding,499,6,12500,150000,12
4_train,3,1,1,nofunding,99,6,12500,150000,12
4_train,3,3,1,nofunding,499,5,12500,150000,12
4_train,8,3,1,nofunding,999,0,10500,126000,12
4_train,3,1,0.5,notneedfunding,499,12,9000,108000,12
4_train,3,1,0.5,notneedfunding,999,12,9000,108000,12
4_train,3,1,0.5,nofunding,20,0,11500,138000,12
4_train,8,1,0.5,notneedfunding,499,0,12500,150000,12
4_train,2,0,1,notneedfunding,999,20,12500,150000,12
4_train,1,1,1,nofunding,99,5,17500,210000,12
4_train,4,1,1,nofunding,99,1,10500,126000,12
4_train,4,1,1,notneedfunding,99,8,12500,150000,12
4_train,8,1,1,notneedfunding,499,9,8500,102000,12
4_train,3,1,1,nofunding,99,0,12500,150000,12
4_train,8,1,0.5,nofunding,99,7,7000,84000,12
4_train,6,1,1,nofunding,999,11,17000,204000,12
4_train,4,1,1,nofunding,999,7,10500,126000,12
4_train,3,1,0.5,nofunding,20,0,7500,90000,12
4_train,8,3,0.5,nofunding,999,0,10000,120000,12
4_train,8,1,0.5,nofunding,499,11,12500,150000,12
4_train,3,1,1,nofunding,99,11,10500,126000,12
4_train,2,1,1,notneedfunding,9999,9,9500,114000,12
4_train,8,0,0.5,notneedfunding,20,4,4500,54000,12
4_train,1,0,1,nofunding,10000,15,16500,214500,13
4_train,5,1,1,nofunding,20,0,3500,42000,12
4_train,5,1,1,nofunding,20,0,3500,42000,12
4_train,5,1,1,nofunding,20,7,5500,66000,12
4_train,5,1,1,nofunding,20,7,5500,66000,12
4_train,5,0,0,nofunding,20,0,7000,84000,12
4_train,5,0,0,nofunding,20,0,7000,84000,12
4_train,5,0,1,nofunding,20,0,4500,54000,12
4_train,5,0,1,nofunding,20,0,4500,54000,12
4_train,4,3,1,notneedfunding,99,12,8000,96000,12
4_train,8,1,0.5,nofunding,499,0,7500,90000,12
4_train,5,1,0.5,nofunding,20,0,4000,48000,12
4_train,5,1,0.5,nofunding,20,0,4000,48000,12
4_train,3,0,0.5,nofunding,20,0,8500,102000,12
4_train,8,0,0.5,notneedfunding,20,3,7500,90000,12
4_train,5,1,0.5,notneedfunding,99,13,5500,66000,12
4_train,5,1,0.5,notneedfunding,99,13,5500,66000,12
4_train,8,0,0.5,nofunding,9999,0,7000,84000,12
4_train,8,1,1,notneedfunding,20,1,8500,102000,12
4_train,8,1,1,nofunding,99,20,8500,110500,13
4_train,5,0,0.5,notneedfunding,99,8,6000,72000,12
4_train,5,0,0.5,notneedfunding,99,8,6000,72000,12
4_train,5,0,0.5,notneedfunding,499,16,4500,54000,12
4_train,8,0,0,notneedfunding,20,5,4500,54000,12
4_train,5,0,0.5,notneedfunding,499,16,4500,54000,12
4_train,8,1,0.5,nofunding,20,0,5500,66000,12
4_train,5,1,0.5,nofunding,20,0,4500,54000,12
4_train,8,3,0.5,nofunding,20,0,6500,78000,12
4_train,5,1,1,nofunding,99,0,7500,90000,12
4_train,5,1,1,nofunding,99,0,7500,90000,12
5_PA,6,3,1,nofunding,9999,20,18500,222000,12
5_PA,8,1,0,notneedfunding,99,18,11500,138000,12
5_PA,4,3,1,notneedfunding,20,5,16000,192000,12
5_PA,1,0,1,nofunding,499,19,16500,198000,12
5_PA,4,3,1,nofunding,20,10,16000,192000,12
5_PA,4,1,0.5,nofunding,499,8,15000,180000,12
5_PA,3,1,1,nofunding,499,5,10500,126000,12
5_PA,3,3,1,nofunding,99,2,17500,210000,12
5_PA,2,3,0.5,notneedfunding,999,9,12500,150000,12
5_PA,3,1,1,nofunding,20,8,13500,162000,12
5_PA,3,1,0.5,nofunding,499,15,10500,126000,12
5_PA,2,3,1,notneedfunding,99,0,10500,136500,13
5_PA,2,1,1,nofunding,20,0,9500,114000,12
5_PA,4,3,1,nofunding,10000,5,14000,168000,12
5_PA,1,0,1,nofunding,20,0,11500,138000,12
5_PA,4,3,1,nofunding,20,0,11500,161000,14
5_PA,8,3,2,nofunding,20,15,11000,132000,12
5_PA,8,3,0.5,notneedfunding,20,7,10000,130000,13
5_PA,8,1,0,nofunding,499,14,9500,114000,12
5_PA,4,1,1,nofunding,99,1,9500,114000,12
5_PA,8,3,1,nofunding,99,7,9500,114000,12
5_PA,2,3,1,notneedfunding,20,5,9500,114000,12
5_PA,8,1,1,notneedfunding,499,5,9000,108000,12
5_PA,8,1,0.5,nofunding,99,2,8000,96000,12
5_PA,8,1,1,nofunding,20,0,6500,78000,12
5_PA,2,1,1,nofunding,499,0,13500,162000,12
5_PA,3,3,0.5,nofunding,99,0,16500,198000,12
5_PA,2,3,0.5,nofunding,99,0,16000,192000,12
5_PA,8,3,1,nofunding,99,6,10500,126000,12
5_PA,2,1,1,nofunding,99,0,9500,114000,12
5_PA,6,1,0.5,nofunding,499,0,15500,186000,12
5_PA,2,1,1,public,10000,12,11000,132000,12
5_PA,2,1,1,nofunding,499,10,14000,168000,12
5_PA,6,1,1,nofunding,99,0,15000,180000,12
5_PA,2,3,0.5,nofunding,99,10,19000,228000,12
5_PA,6,0,1,nofunding,499,1,19000,228000,12
5_PA,8,0,0,nofunding,99,9,7500,90000,12
5_PA,2,0,0.5,nofunding,999,4,12500,150000,12
5_PA,8,3,0.5,notneedfunding,99,6,8500,102000,12
5_PA,4,3,1,nofunding,9999,6,20000,240000,12
5_PA,8,3,0.5,notneedfunding,499,8,15000,180000,12
5_PA,8,3,0.5,nofunding,99,17,10000,120000,12
5_PA,8,3,1,nofunding,99,7,11500,149500,13
5_PA,3,3,1,nofunding,499,5,12500,150000,12
5_PA,4,3,1,notneedfunding,99,2,15500,186000,12
5_PA,8,3,2,nofunding,20,13,12500,150000,12
5_PA,3,1,0.5,notneedfunding,499,6,7500,90000,12
6_data,8,3,1,public,10000,20,22500,270000,12
6_data,6,3,1,nofunding,99,15,12500,150000,12
6_data,4,3,1,nofunding,99,5,12500,150000,12
6_data,6,3,1,notneedfunding,499,3,21500,258000,12
6_data,2,5,1,nofunding,499,6,17500,210000,12
6_data,6,3,1,notneedfunding,499,8,22500,270000,12
6_data,3,3,1,nofunding,20,0,10500,126000,12
6_data,8,1,1,notneedfunding,9999,2,9000,117000,13
6_data,8,3,1,nofunding,99,0,10500,126000,12
6_data,6,3,1,nofunding,99,8,15500,186000,12
6_data,1,3,1,nofunding,999,8,14500,174000,12
6_data,2,1,1,nofunding,20,0,7500,90000,12
6_data,1,1,1,public,10000,7,16000,192000,12
6_data,4,1,1,public,10000,14,10000,130000,13
6_data,4,3,1,nofunding,499,13,11500,138000,12
6_data,6,0,1,nofunding,99,8,19000,228000,12
6_data,3,0,0,nofunding,9999,0,11500,138000,12
6_data,8,3,1,nofunding,99,0,10500,136500,13
6_data,4,1,1,nofunding,499,9,8500,102000,12
6_data,3,1,1,nofunding,99,5,22500,270000,12
6_data,6,3,1,public,499,7,20000,240000,12
6_data,3,3,1,notneedfunding,99,11,17500,227500,13
6_data,3,3,1,notneedfunding,99,11,17500,227500,13
6_data,2,1,1,nofunding,20,9,14500,174000,12
6_data,4,3,1,notneedfunding,99,6,12500,150000,12
6_data,3,1,1,notneedfunding,10000,7,10000,120000,12
6_data,3,0,1,notneedfunding,99,8,9500,123500,13
6_data,1,1,1,public,9999,9,13500,162000,12
6_data,8,1,1,nofunding,499,11,8500,102000,12
6_data,1,1,1,public,999,5,15500,186000,12
6_data,3,5,1,public,999,6,30000,360000,12
6_data,1,3,1,nofunding,999,9,15500,186000,12
6_data,1,1,1,notneedfunding,99,9,15000,180000,12
6_data,1,1,1,nofunding,99,1,15000,180000,12
6_data,2,1,1,nofunding,20,10,13000,156000,12
6_data,4,1,1,nofunding,99,10,10500,126000,12
6_data,8,1,1,nofunding,99,6,5500,66000,12
6_data,1,3,1,public,9999,11,18000,216000,12
6_data,2,5,1,nofunding,999,12,19000,228000,12
6_data,4,1,1,notneedfunding,999,11,16000,192000,12
6_data,2,5,1,notneedfunding,9999,9,13500,189000,14
6_data,4,1,1,nofunding,499,16,12500,150000,12
6_data,2,3,1,nofunding,10000,0,13000,156000,12
6_data,2,0,1,nofunding,499,6,12500,162500,13
6_data,1,1,1,nofunding,99,5,16000,192000,12
6_data,2,5,0.5,nofunding,499,0,20000,240000,12
6_data,1,3,1,nofunding,99,10,20000,240000,12
6_data,1,3,0.5,nofunding,20,0,12500,150000,12
6_data,4,1,1,nofunding,20,16,11000,132000,12
6_data,6,1,2,nofunding,499,5,20000,240000,12
6_data,3,3,1,nofunding,99,5,17500,210000,12
6_data,8,0,2,notneedfunding,499,5,17500,210000,12
6_data,5,1,1,nofunding,20,0,10000,130000,13
6_data,8,3,1,nofunding,499,13,9500,114000,12
6_data,8,0,1,nofunding,99,11,16000,192000,12
6_data,4,3,1,nofunding,99,4,15500,186000,12
6_data,8,1,1,notneedfunding,20,12,10500,126000,12
6_data,5,0,1,notneedfunding,999,11,7500,97500,13
6_data,5,0,1,notneedfunding,999,11,7500,97500,13
6_data,8,5,1,nofunding,20,5,14500,188500,13
6_data,8,1,1,notneedfunding,499,11,10500,126000,12
6_data,3,0,1,notneedfunding,10000,20,22500,270000,12
6_data,8,5,1,nofunding,99,4,12500,150000,12
6_data,8,3,1,public,999,7,10500,136500,13
6_data,8,5,0.5,notneedfunding,499,9,17500,210000,12
6_data,8,3,1,nofunding,499,10,15500,186000,12
6_data,8,3,1,nofunding,499,5,10000,120000,12
6_data,3,5,1,notneedfunding,9999,9,17500,227500,13
6_data,6,5,1,notneedfunding,999,13,13500,162000,12
6_data,6,1,1,notneedfunding,99,4,22500,315000,14
6_data,8,1,1,public,10000,11,14500,174000,12
6_data,3,3,1,public,9999,7,18000,216000,12
6_data,8,5,1,nofunding,9999,12,20000,240000,12
6_data,2,1,1,nofunding,99,0,12500,150000,12
6_data,2,1,0.5,nofunding,99,3,10000,120000,12
6_data,2,1,0.5,nofunding,99,0,9500,114000,12
6_data,3,0,1,nofunding,9999,5,26500,397500,15
6_data,5,0,0.5,nofunding,20,0,3500,42000,12
6_data,5,0,0.5,nofunding,20,0,3500,42000,12
6_data,8,0,1,nofunding,20,6,10500,126000,12
6_data,8,5,1,nofunding,99,3,18000,216000,12
6_data,5,1,0.5,nofunding,20,20,6500,78000,12
6_data,8,3,1,public,9999,11,12500,162500,13
